id,campaign_id,spend_date,impressions,clicks,conversions,spend_amount,platform
1,1,2024-01-01,15999,290,24,168.28,Mailchimp
2,1,2024-01-02,9866,183,25,193.98,Mailchimp
3,1,2024-01-03,14950,123,27,134.26,Mailchimp
4,1,2024-01-04,12068,500,16,170.77,Mailchimp
5,1,2024-01-05,13618,450,11,178.71,Mailchimp
6,1,2024-01-06,9372,437,11,182.61,Mailchimp
7,1,2024-01-07,11510,501,34,199.95,Mailchimp
8,1,2024-01-08,8745,360,12,159.27,Mailchimp
9,1,2024-01-09,10269,326,30,149.83,Mailchimp
10,1,2024-01-10,12462,204,25,199.32,Mailchimp
11,1,2024-01-11,7899,259,11,197.26,Mailchimp
12,1,2024-01-12,8034,112,6,154.31,Mailchimp
13,1,2024-01-13,11486,438,13,181.66,Mailchimp
14,1,2024-01-14,6647,175,7,198.11,Mailchimp
15,1,2024-01-15,11813,460,9,141.45,Mailchimp
16,2,2024-01-10,14321,585,22,134.45,Instagram
17,2,2024-01-11,5260,382,27,130.60,Instagram
18,2,2024-01-12,19873,401,21,122.86,Facebook
19,2,2024-01-13,6039,187,5,112.03,Instagram
20,2,2024-01-14,14022,136,12,97.37,Instagram
21,2,2024-01-15,5786,153,20,129.13,Instagram
22,2,2024-01-16,19543,392,5,113.98,Instagram
23,2,2024-01-17,13677,336,29,135.73,Instagram
24,2,2024-01-18,11077,456,15,119.40,TikTok
25,2,2024-01-19,5026,483,24,119.96,TikTok
26,2,2024-01-20,15803,136,19,126.12,Facebook
27,2,2024-01-21,9165,387,30,130.56,Instagram
28,2,2024-01-22,13835,127,31,96.49,Facebook
29,2,2024-01-23,9338,555,9,120.74,TikTok
30,2,2024-01-24,10669,364,31,130.13,Facebook
31,2,2024-01-25,8088,400,29,133.59,Instagram
32,2,2024-01-26,13336,398,10,129.95,Instagram
33,2,2024-01-27,19682,478,15,125.18,Instagram
34,2,2024-01-28,7701,106,9,123.04,Facebook
35,2,2024-01-29,11602,297,12,132.02,Instagram
36,2,2024-01-30,17544,316,20,94.70,Instagram
37,2,2024-01-31,16603,398,33,117.34,Facebook
38,3,2024-02-07,11996,547,11,109.49,Mailchimp
39,3,2024-02-08,12095,503,10,118.05,Mailchimp
40,3,2024-02-09,8386,432,19,150.95,Mailchimp
41,3,2024-02-10,19980,203,11,128.41,Mailchimp
42,3,2024-02-11,15265,463,23,108.63,Mailchimp
43,3,2024-02-12,15719,576,16,129.67,Mailchimp
44,3,2024-02-13,14235,591,14,149.40,Mailchimp
45,3,2024-02-14,19045,230,33,146.42,Mailchimp
46,4,2024-03-01,9461,227,15,271.82,Bing Ads
47,4,2024-03-02,17674,202,17,249.39,Google Ads
48,4,2024-03-03,11513,453,31,273.05,Bing Ads
49,4,2024-03-04,6877,273,34,234.39,Bing Ads
50,4,2024-03-05,18546,113,10,211.93,Bing Ads
51,4,2024-03-06,11412,482,32,209.99,Bing Ads
52,4,2024-03-07,12905,101,17,211.89,Bing Ads
53,4,2024-03-08,9072,450,34,253.36,Bing Ads
54,4,2024-03-09,6119,477,25,203.69,Google Ads
55,4,2024-03-10,6785,425,34,298.11,Google Ads
56,4,2024-03-11,10820,199,7,231.63,Google Ads
57,4,2024-03-12,17272,262,20,292.76,Google Ads
58,4,2024-03-13,15151,514,22,269.97,Bing Ads
59,4,2024-03-14,19454,181,30,264.40,Google Ads
60,4,2024-03-15,7841,337,29,294.22,Google Ads
61,4,2024-03-16,10185,521,9,249.15,Google Ads
62,4,2024-03-17,18006,533,19,256.12,Bing Ads
63,4,2024-03-18,6612,432,20,289.67,Google Ads
64,4,2024-03-19,11675,112,11,258.95,Google Ads
65,4,2024-03-20,8825,435,32,268.96,Bing Ads
66,4,2024-03-21,6405,348,5,263.85,Bing Ads
67,4,2024-03-22,5340,365,5,211.32,Google Ads
68,4,2024-03-23,8595,239,5,259.95,Bing Ads
69,4,2024-03-24,6654,278,23,217.55,Google Ads
70,4,2024-03-25,5216,260,13,266.10,Bing Ads
71,4,2024-03-26,13964,349,16,209.84,Bing Ads
72,4,2024-03-27,15644,520,34,284.40,Bing Ads
73,4,2024-03-28,14552,466,27,243.96,Google Ads
74,4,2024-03-29,7192,333,30,203.49,Google Ads
75,4,2024-03-30,6770,220,6,204.41,Bing Ads
76,4,2024-03-31,19769,113,34,294.00,Bing Ads
77,5,2024-03-15,12782,307,19,56.47,Mailchimp
78,5,2024-03-16,10255,175,22,75.22,Mailchimp
79,5,2024-03-17,11582,355,27,79.20,Mailchimp
80,5,2024-03-18,13908,186,23,58.09,Mailchimp
81,5,2024-03-19,15765,294,21,74.19,Mailchimp
82,5,2024-03-20,11457,215,32,57.64,Mailchimp
83,5,2024-03-21,12316,202,22,76.19,Mailchimp
84,5,2024-03-22,5094,256,33,70.12,Mailchimp
85,5,2024-03-23,12873,396,17,65.29,Mailchimp
86,5,2024-03-24,10216,503,30,61.84,Mailchimp
87,5,2024-03-25,16551,534,28,75.02,Mailchimp
88,5,2024-03-26,15682,390,24,78.24,Mailchimp
89,5,2024-03-27,9028,317,17,79.45,Mailchimp
90,5,2024-03-28,18105,596,14,78.15,Mailchimp
91,5,2024-03-29,16889,336,16,61.85,Mailchimp
92,5,2024-03-30,12227,422,11,57.31,Mailchimp
93,5,2024-03-31,7389,104,10,56.87,Mailchimp
94,5,2024-04-01,12425,373,11,68.75,Mailchimp
95,5,2024-04-02,7604,103,16,54.31,Mailchimp
96,5,2024-04-03,9209,557,20,54.87,Mailchimp
97,5,2024-04-04,12794,364,17,55.84,Mailchimp
98,5,2024-04-05,17099,167,10,72.88,Mailchimp
99,5,2024-04-06,9523,248,28,54.08,Mailchimp
100,5,2024-04-07,12151,540,13,53.73,Mailchimp
101,5,2024-04-08,10267,369,31,66.96,Mailchimp
102,5,2024-04-09,7271,488,15,68.32,Mailchimp
103,5,2024-04-10,16261,107,12,75.01,Mailchimp
104,5,2024-04-11,10607,122,12,71.38,Mailchimp
105,5,2024-04-12,6611,421,21,61.97,Mailchimp
106,5,2024-04-13,11533,336,27,56.35,Mailchimp
107,5,2024-04-14,14432,307,33,55.77,Mailchimp
108,5,2024-04-15,11780,360,31,53.66,Mailchimp
109,5,2024-04-16,14168,491,7,58.20,Mailchimp
110,5,2024-04-17,8779,214,31,54.32,Mailchimp
111,5,2024-04-18,19328,570,21,56.05,Mailchimp
112,5,2024-04-19,12885,189,26,76.75,Mailchimp
113,5,2024-04-20,18493,239,14,69.63,Mailchimp
114,5,2024-04-21,19286,541,33,71.27,Mailchimp
115,5,2024-04-22,17769,257,21,71.32,Mailchimp
116,5,2024-04-23,5370,194,7,69.18,Mailchimp
117,5,2024-04-24,18636,360,34,56.77,Mailchimp
118,5,2024-04-25,15736,362,16,62.66,Mailchimp
119,5,2024-04-26,18887,262,29,73.92,Mailchimp
120,5,2024-04-27,16140,413,24,75.32,Mailchimp
121,5,2024-04-28,6993,345,25,79.90,Mailchimp
122,5,2024-04-29,16340,509,32,66.07,Mailchimp
123,5,2024-04-30,13341,398,8,54.83,Mailchimp
124,5,2024-05-01,18236,499,13,67.08,Mailchimp
125,5,2024-05-02,13932,360,29,58.10,Mailchimp
126,5,2024-05-03,5030,389,6,60.26,Mailchimp
127,5,2024-05-04,5073,209,23,64.33,Mailchimp
128,5,2024-05-05,18464,239,27,78.46,Mailchimp
129,5,2024-05-06,5344,322,17,65.41,Mailchimp
130,5,2024-05-07,16286,346,20,59.10,Mailchimp
131,5,2024-05-08,10028,306,33,60.46,Mailchimp
132,5,2024-05-09,17880,233,17,61.68,Mailchimp
133,5,2024-05-10,7485,325,27,58.53,Mailchimp
134,5,2024-05-11,11333,233,18,55.52,Mailchimp
135,5,2024-05-12,6136,292,15,72.12,Mailchimp
136,5,2024-05-13,14911,210,9,75.99,Mailchimp
137,5,2024-05-14,10976,152,8,68.86,Mailchimp
138,5,2024-05-15,18834,330,27,79.21,Mailchimp
139,5,2024-05-16,10439,523,30,55.00,Mailchimp
140,5,2024-05-17,5258,161,35,78.45,Mailchimp
141,5,2024-05-18,13078,168,33,78.08,Mailchimp
142,5,2024-05-19,9981,574,22,73.19,Mailchimp
143,5,2024-05-20,11219,352,7,57.11,Mailchimp
144,5,2024-05-21,11382,345,9,55.69,Mailchimp
145,5,2024-05-22,9869,159,26,70.37,Mailchimp
146,5,2024-05-23,18151,239,16,67.32,Mailchimp
147,5,2024-05-24,14394,440,19,61.92,Mailchimp
148,5,2024-05-25,5638,128,25,68.48,Mailchimp
149,5,2024-05-26,11744,565,18,55.05,Mailchimp
150,5,2024-05-27,8973,314,13,72.86,Mailchimp
151,5,2024-05-28,6368,545,20,70.15,Mailchimp
152,5,2024-05-29,13731,496,35,60.20,Mailchimp
153,5,2024-05-30,17478,310,27,66.86,Mailchimp
154,5,2024-05-31,10065,504,7,71.34,Mailchimp
155,5,2024-06-01,8556,117,20,79.13,Mailchimp
156,5,2024-06-02,19248,375,15,59.77,Mailchimp
157,5,2024-06-03,17212,478,7,70.43,Mailchimp
158,5,2024-06-04,16234,423,22,69.70,Mailchimp
159,5,2024-06-05,19987,498,23,72.66,Mailchimp
160,5,2024-06-06,6568,288,16,71.43,Mailchimp
161,5,2024-06-07,12493,164,13,78.67,Mailchimp
162,5,2024-06-08,15906,438,22,72.59,Mailchimp
163,5,2024-06-09,18470,211,22,63.71,Mailchimp
164,5,2024-06-10,18479,458,34,67.79,Mailchimp
165,5,2024-06-11,11468,436,21,68.12,Mailchimp
166,5,2024-06-12,18322,591,22,78.17,Mailchimp
167,5,2024-06-13,10914,435,23,79.79,Mailchimp
168,5,2024-06-14,11627,432,18,65.21,Mailchimp
169,5,2024-06-15,5202,387,27,58.83,Mailchimp
170,5,2024-06-16,9513,167,22,64.49,Mailchimp
171,5,2024-06-17,5441,222,15,60.39,Mailchimp
172,5,2024-06-18,5298,145,19,67.95,Mailchimp
173,5,2024-06-19,12488,426,16,75.56,Mailchimp
174,5,2024-06-20,5130,290,33,59.60,Mailchimp
175,5,2024-06-21,17031,103,28,64.72,Mailchimp
176,5,2024-06-22,12407,310,29,62.11,Mailchimp
177,5,2024-06-23,14566,377,17,58.98,Mailchimp
178,5,2024-06-24,16878,326,8,74.32,Mailchimp
179,5,2024-06-25,12620,165,12,57.16,Mailchimp
180,5,2024-06-26,8148,413,33,57.95,Mailchimp
181,5,2024-06-27,10655,520,24,60.76,Mailchimp
182,5,2024-06-28,12382,326,13,75.64,Mailchimp
183,5,2024-06-29,16824,575,18,65.20,Mailchimp
184,5,2024-06-30,9572,415,16,67.73,Mailchimp
185,5,2024-07-01,5585,169,25,63.41,Mailchimp
186,5,2024-07-02,13743,294,27,69.74,Mailchimp
187,5,2024-07-03,6932,440,23,74.50,Mailchimp
188,5,2024-07-04,17856,311,19,64.08,Mailchimp
189,5,2024-07-05,14582,201,5,74.34,Mailchimp
190,5,2024-07-06,11460,592,17,57.77,Mailchimp
191,5,2024-07-07,17695,122,30,75.20,Mailchimp
192,5,2024-07-08,13003,434,7,72.26,Mailchimp
193,5,2024-07-09,5056,167,20,66.45,Mailchimp
194,5,2024-07-10,6279,345,17,59.03,Mailchimp
195,5,2024-07-11,13396,508,17,71.14,Mailchimp
196,5,2024-07-12,10341,268,28,63.49,Mailchimp
197,5,2024-07-13,10808,386,35,77.73,Mailchimp
198,5,2024-07-14,7077,255,29,68.52,Mailchimp
199,5,2024-07-15,19005,583,12,68.39,Mailchimp
200,5,2024-07-16,12571,371,10,59.84,Mailchimp
201,5,2024-07-17,10884,560,16,79.38,Mailchimp
202,5,2024-07-18,16025,292,11,76.46,Mailchimp
203,5,2024-07-19,13026,535,6,70.88,Mailchimp
204,5,2024-07-20,14471,465,10,66.55,Mailchimp
205,5,2024-07-21,13424,366,7,76.34,Mailchimp
206,5,2024-07-22,15698,292,28,61.69,Mailchimp
207,5,2024-07-23,14443,288,30,70.86,Mailchimp
208,5,2024-07-24,10192,371,20,77.57,Mailchimp
209,5,2024-07-25,8354,560,28,71.09,Mailchimp
210,5,2024-07-26,7749,264,18,59.85,Mailchimp
211,5,2024-07-27,6642,598,31,66.40,Mailchimp
212,5,2024-07-28,13300,249,19,73.64,Mailchimp
213,5,2024-07-29,6430,414,33,61.14,Mailchimp
214,5,2024-07-30,9590,313,19,72.56,Mailchimp
215,5,2024-07-31,16870,165,32,71.29,Mailchimp
216,5,2024-08-01,18373,340,15,60.26,Mailchimp
217,5,2024-08-02,5280,553,24,76.81,Mailchimp
218,5,2024-08-03,5519,194,19,74.91,Mailchimp
219,5,2024-08-04,9377,538,13,75.72,Mailchimp
220,5,2024-08-05,5908,352,27,66.12,Mailchimp
221,5,2024-08-06,18496,573,26,69.80,Mailchimp
222,5,2024-08-07,12406,517,7,74.45,Mailchimp
223,5,2024-08-08,16808,300,12,62.94,Mailchimp
224,5,2024-08-09,11342,151,32,78.59,Mailchimp
225,5,2024-08-10,9990,347,18,66.05,Mailchimp
226,5,2024-08-11,18220,504,11,58.29,Mailchimp
227,5,2024-08-12,19546,469,27,77.76,Mailchimp
228,5,2024-08-13,16839,123,14,74.63,Mailchimp
229,5,2024-08-14,16135,273,11,55.41,Mailchimp
230,5,2024-08-15,7418,518,18,60.38,Mailchimp
231,5,2024-08-16,16195,318,30,65.76,Mailchimp
232,5,2024-08-17,13465,571,15,68.98,Mailchimp
233,5,2024-08-18,18273,516,12,73.65,Mailchimp
234,5,2024-08-19,13100,116,33,55.34,Mailchimp
235,5,2024-08-20,11510,546,11,66.60,Mailchimp
236,5,2024-08-21,16295,515,31,67.28,Mailchimp
237,5,2024-08-22,6879,407,28,62.48,Mailchimp
238,5,2024-08-23,18310,290,28,72.21,Mailchimp
239,5,2024-08-24,7939,211,24,78.59,Mailchimp
240,5,2024-08-25,19655,344,12,75.80,Mailchimp
241,5,2024-08-26,10349,503,13,60.94,Mailchimp
242,5,2024-08-27,15764,474,19,61.45,Mailchimp
243,5,2024-08-28,5313,346,34,75.38,Mailchimp
244,5,2024-08-29,12729,326,18,53.79,Mailchimp
245,5,2024-08-30,13218,103,30,55.80,Mailchimp
246,5,2024-08-31,15776,305,13,62.23,Mailchimp
247,5,2024-09-01,19104,441,9,71.73,Mailchimp
248,5,2024-09-02,19718,139,7,57.35,Mailchimp
249,5,2024-09-03,13088,423,7,66.28,Mailchimp
250,5,2024-09-04,11792,431,9,54.01,Mailchimp
251,5,2024-09-05,7276,152,23,62.14,Mailchimp
252,5,2024-09-06,6863,538,34,72.58,Mailchimp
253,5,2024-09-07,15989,467,24,66.15,Mailchimp
254,5,2024-09-08,15353,113,24,69.58,Mailchimp
255,5,2024-09-09,12670,560,18,59.51,Mailchimp
256,5,2024-09-10,12538,467,21,72.10,Mailchimp
257,5,2024-09-11,9471,482,26,75.12,Mailchimp
258,5,2024-09-12,14198,187,26,60.86,Mailchimp
259,5,2024-09-13,10048,464,32,62.56,Mailchimp
260,5,2024-09-14,19286,136,7,67.82,Mailchimp
261,5,2024-09-15,9288,407,23,62.00,Mailchimp
262,5,2024-09-16,12124,323,12,63.31,Mailchimp
263,5,2024-09-17,7256,490,19,61.36,Mailchimp
264,5,2024-09-18,14244,128,28,58.69,Mailchimp
265,5,2024-09-19,7673,226,29,75.06,Mailchimp
266,5,2024-09-20,19027,167,22,74.15,Mailchimp
267,5,2024-09-21,13771,412,13,70.45,Mailchimp
268,5,2024-09-22,13239,156,25,66.48,Mailchimp
269,5,2024-09-23,8970,336,21,56.46,Mailchimp
270,5,2024-09-24,6654,449,14,75.14,Mailchimp
271,5,2024-09-25,8200,454,16,74.79,Mailchimp
272,5,2024-09-26,8051,294,19,56.35,Mailchimp
273,5,2024-09-27,10262,193,33,77.29,Mailchimp
274,5,2024-09-28,16319,228,32,71.11,Mailchimp
275,5,2024-09-29,9476,483,20,74.45,Mailchimp
276,5,2024-09-30,8237,211,12,79.73,Mailchimp
277,5,2024-10-01,8499,531,13,62.14,Mailchimp
278,5,2024-10-02,6973,583,19,70.90,Mailchimp
279,5,2024-10-03,7697,446,15,61.39,Mailchimp
280,5,2024-10-04,12181,298,31,66.29,Mailchimp
281,5,2024-10-05,5883,385,13,71.15,Mailchimp
282,5,2024-10-06,15705,156,9,66.73,Mailchimp
283,5,2024-10-07,6005,496,25,72.95,Mailchimp
284,5,2024-10-08,18582,293,29,58.30,Mailchimp
285,5,2024-10-09,12363,145,21,67.62,Mailchimp
286,5,2024-10-10,12968,434,24,65.88,Mailchimp
287,5,2024-10-11,8343,225,8,66.98,Mailchimp
288,5,2024-10-12,5102,415,17,71.45,Mailchimp
289,5,2024-10-13,17346,262,17,66.89,Mailchimp
290,5,2024-10-14,11292,187,16,68.72,Mailchimp
291,5,2024-10-15,17258,369,32,75.72,Mailchimp
292,5,2024-10-16,11856,175,28,63.96,Mailchimp
293,5,2024-10-17,18364,349,11,55.41,Mailchimp
294,5,2024-10-18,19277,469,32,63.54,Mailchimp
295,5,2024-10-19,6662,458,26,53.83,Mailchimp
296,5,2024-10-20,13287,172,26,57.73,Mailchimp
297,5,2024-10-21,8245,131,15,77.44,Mailchimp
298,5,2024-10-22,19793,568,32,66.90,Mailchimp
299,5,2024-10-23,18459,394,7,64.64,Mailchimp
300,5,2024-10-24,12801,554,21,74.51,Mailchimp
301,5,2024-10-25,13573,331,22,72.96,Mailchimp
302,5,2024-10-26,6904,520,27,63.09,Mailchimp
303,5,2024-10-27,18651,215,7,60.99,Mailchimp
304,5,2024-10-28,5283,149,8,64.63,Mailchimp
305,5,2024-10-29,18938,374,15,71.30,Mailchimp
306,5,2024-10-30,13508,298,8,62.13,Mailchimp
307,5,2024-10-31,17525,377,30,65.75,Mailchimp
308,5,2024-11-01,19677,214,26,74.90,Mailchimp
309,5,2024-11-02,6601,367,11,69.61,Mailchimp
310,5,2024-11-03,15063,154,34,55.43,Mailchimp
311,5,2024-11-04,8229,263,30,70.24,Mailchimp
312,5,2024-11-05,11472,193,24,79.05,Mailchimp
313,5,2024-11-06,10860,319,22,79.16,Mailchimp
314,5,2024-11-07,9564,323,12,71.13,Mailchimp
315,5,2024-11-08,6965,151,10,71.25,Mailchimp
316,5,2024-11-09,6265,537,20,55.20,Mailchimp
317,5,2024-11-10,6649,278,23,75.43,Mailchimp
318,5,2024-11-11,15440,565,27,64.80,Mailchimp
319,5,2024-11-12,13017,512,18,53.36,Mailchimp
320,5,2024-11-13,13611,307,18,78.26,Mailchimp
321,5,2024-11-14,10425,524,18,71.91,Mailchimp
322,5,2024-11-15,17018,269,16,66.88,Mailchimp
323,5,2024-11-16,14179,113,26,67.10,Mailchimp
324,5,2024-11-17,10676,532,26,77.68,Mailchimp
325,5,2024-11-18,15419,394,19,62.97,Mailchimp
326,5,2024-11-19,19849,178,15,77.90,Mailchimp
327,5,2024-11-20,18016,286,12,78.69,Mailchimp
328,5,2024-11-21,17671,184,13,57.44,Mailchimp
329,5,2024-11-22,16278,312,16,58.89,Mailchimp
330,5,2024-11-23,19808,220,27,66.92,Mailchimp
331,5,2024-11-24,17843,166,23,61.50,Mailchimp
332,5,2024-11-25,10121,125,26,72.04,Mailchimp
333,5,2024-11-26,8873,222,8,63.66,Mailchimp
334,5,2024-11-27,13020,536,18,54.75,Mailchimp
335,5,2024-11-28,10489,124,32,73.78,Mailchimp
336,5,2024-11-29,7593,573,26,58.38,Mailchimp
337,5,2024-11-30,14377,256,8,54.21,Mailchimp
338,5,2024-12-01,11782,354,21,53.37,Mailchimp
339,5,2024-12-02,9372,311,8,76.06,Mailchimp
340,5,2024-12-03,7005,475,32,77.79,Mailchimp
341,5,2024-12-04,17364,138,27,63.56,Mailchimp
342,5,2024-12-05,18313,533,28,59.34,Mailchimp
343,5,2024-12-06,8609,178,28,74.46,Mailchimp
344,5,2024-12-07,5628,338,9,72.68,Mailchimp
345,5,2024-12-08,7934,241,14,61.54,Mailchimp
346,5,2024-12-09,9758,503,25,70.80,Mailchimp
347,5,2024-12-10,15592,579,22,72.46,Mailchimp
348,5,2024-12-11,7321,195,5,58.12,Mailchimp
349,5,2024-12-12,10268,357,6,65.93,Mailchimp
350,5,2024-12-13,12429,285,17,58.16,Mailchimp
351,5,2024-12-14,18109,421,24,75.65,Mailchimp
352,5,2024-12-15,6045,147,31,57.92,Mailchimp
353,5,2024-12-16,5234,432,5,68.18,Mailchimp
354,5,2024-12-17,19604,580,13,72.84,Mailchimp
355,5,2024-12-18,17240,391,30,65.81,Mailchimp
356,5,2024-12-19,19036,508,33,55.35,Mailchimp
357,5,2024-12-20,19576,114,21,63.70,Mailchimp
358,5,2024-12-21,15457,359,24,54.30,Mailchimp
359,5,2024-12-22,12076,218,27,63.41,Mailchimp
360,5,2024-12-23,18531,355,11,59.45,Mailchimp
361,5,2024-12-24,17811,569,8,54.85,Mailchimp
362,5,2024-12-25,16763,511,14,57.29,Mailchimp
363,5,2024-12-26,11641,152,19,64.98,Mailchimp
364,5,2024-12-27,5037,445,26,72.13,Mailchimp
365,5,2024-12-28,13109,202,19,66.36,Mailchimp
366,5,2024-12-29,12707,335,8,75.86,Mailchimp
367,5,2024-12-30,18381,518,13,62.06,Mailchimp
368,5,2024-12-31,6644,575,21,64.04,Mailchimp
369,5,2025-01-01,10291,540,27,66.01,Mailchimp
370,5,2025-01-02,17923,162,13,79.47,Mailchimp
371,5,2025-01-03,6715,213,29,62.07,Mailchimp
372,5,2025-01-04,17421,112,30,70.34,Mailchimp
373,5,2025-01-05,6047,579,17,70.66,Mailchimp
374,5,2025-01-06,18342,241,6,60.06,Mailchimp
375,5,2025-01-07,9253,514,8,79.48,Mailchimp
376,5,2025-01-08,14091,532,35,65.52,Mailchimp
377,5,2025-01-09,12070,186,14,78.95,Mailchimp
378,5,2025-01-10,5793,343,27,67.59,Mailchimp
379,5,2025-01-11,15663,141,5,74.71,Mailchimp
380,5,2025-01-12,19852,192,12,57.71,Mailchimp
381,5,2025-01-13,17490,397,8,77.24,Mailchimp
382,5,2025-01-14,5703,358,11,75.76,Mailchimp
383,5,2025-01-15,12902,170,29,67.39,Mailchimp
384,5,2025-01-16,8302,245,13,59.47,Mailchimp
385,5,2025-01-17,15050,351,29,75.00,Mailchimp
386,5,2025-01-18,9875,481,6,73.71,Mailchimp
387,5,2025-01-19,17725,272,17,55.60,Mailchimp
388,5,2025-01-20,18815,450,34,74.58,Mailchimp
389,5,2025-01-21,17292,314,34,58.96,Mailchimp
390,5,2025-01-22,16160,289,9,59.27,Mailchimp
391,5,2025-01-23,7146,350,35,66.94,Mailchimp
392,5,2025-01-24,10800,307,13,79.16,Mailchimp
393,5,2025-01-25,6573,300,31,53.35,Mailchimp
394,5,2025-01-26,7232,425,11,74.36,Mailchimp
395,5,2025-01-27,16550,392,6,57.93,Mailchimp
396,5,2025-01-28,8175,145,34,66.57,Mailchimp
397,5,2025-01-29,10601,450,20,76.89,Mailchimp
398,5,2025-01-30,14513,268,21,64.66,Mailchimp
399,5,2025-01-31,12579,122,7,59.80,Mailchimp
400,5,2025-02-01,7532,494,17,65.51,Mailchimp
401,5,2025-02-02,11376,419,5,79.90,Mailchimp
402,5,2025-02-03,5696,394,22,75.61,Mailchimp
403,5,2025-02-04,14147,498,20,76.02,Mailchimp
404,5,2025-02-05,19132,363,13,65.96,Mailchimp
405,5,2025-02-06,15561,251,8,68.74,Mailchimp
406,5,2025-02-07,7279,290,5,60.22,Mailchimp
407,5,2025-02-08,15341,307,15,67.69,Mailchimp
408,5,2025-02-09,10183,480,22,75.02,Mailchimp
409,5,2025-02-10,11309,261,35,74.20,Mailchimp
410,5,2025-02-11,19369,133,13,59.12,Mailchimp
411,5,2025-02-12,6246,221,34,53.98,Mailchimp
412,5,2025-02-13,8952,296,11,68.53,Mailchimp
413,5,2025-02-14,16557,398,9,70.73,Mailchimp
414,5,2025-02-15,19706,240,14,74.16,Mailchimp
415,5,2025-02-16,12015,180,15,74.36,Mailchimp
416,5,2025-02-17,6289,376,23,77.49,Mailchimp
417,5,2025-02-18,19171,204,16,68.02,Mailchimp
418,5,2025-02-19,6039,222,17,63.08,Mailchimp
419,5,2025-02-20,6606,561,8,68.51,Mailchimp
420,5,2025-02-21,14622,147,10,66.31,Mailchimp
421,5,2025-02-22,13963,483,30,74.98,Mailchimp
422,5,2025-02-23,13590,353,12,73.89,Mailchimp
423,5,2025-02-24,9829,203,19,58.90,Mailchimp
424,5,2025-02-25,13820,135,13,66.85,Mailchimp
425,5,2025-02-26,10403,522,10,68.27,Mailchimp
426,5,2025-02-27,12966,138,33,72.91,Mailchimp
427,5,2025-02-28,7172,526,11,78.29,Mailchimp
428,5,2025-03-01,7655,303,9,61.30,Mailchimp
429,5,2025-03-02,6678,542,6,67.16,Mailchimp
430,5,2025-03-03,5229,466,35,56.68,Mailchimp
431,5,2025-03-04,16700,450,22,67.74,Mailchimp
432,5,2025-03-05,5220,347,26,79.51,Mailchimp
433,5,2025-03-06,7289,580,26,69.16,Mailchimp
434,5,2025-03-07,14607,419,6,71.76,Mailchimp
435,5,2025-03-08,14304,224,33,68.09,Mailchimp
436,5,2025-03-09,7013,189,23,57.12,Mailchimp
437,5,2025-03-10,14781,402,33,68.42,Mailchimp
438,5,2025-03-11,12711,564,33,76.84,Mailchimp
439,5,2025-03-12,14235,404,33,77.46,Mailchimp
440,5,2025-03-13,12152,498,26,78.62,Mailchimp
441,5,2025-03-14,17764,381,31,57.98,Mailchimp
442,5,2025-03-15,6225,295,34,78.85,Mailchimp
443,5,2025-03-16,13469,319,30,58.17,Mailchimp
444,5,2025-03-17,19866,309,9,69.03,Mailchimp
445,5,2025-03-18,14880,268,28,53.46,Mailchimp
446,5,2025-03-19,19993,188,8,75.75,Mailchimp
447,5,2025-03-20,13133,316,33,77.88,Mailchimp
448,5,2025-03-21,18538,445,14,74.59,Mailchimp
449,5,2025-03-22,8422,114,17,76.28,Mailchimp
450,5,2025-03-23,5441,509,24,69.94,Mailchimp
451,5,2025-03-24,15800,547,34,55.39,Mailchimp
452,5,2025-03-25,13861,412,21,67.75,Mailchimp
453,5,2025-03-26,8968,223,25,66.08,Mailchimp
454,5,2025-03-27,15919,377,18,59.39,Mailchimp
455,5,2025-03-28,19524,178,22,78.59,Mailchimp
456,5,2025-03-29,17270,441,17,68.48,Mailchimp
457,5,2025-03-30,5612,183,20,77.24,Mailchimp
458,5,2025-03-31,10364,489,10,59.92,Mailchimp
459,5,2025-04-01,19178,156,23,58.51,Mailchimp
460,5,2025-04-02,18564,187,6,79.23,Mailchimp
461,5,2025-04-03,8625,503,13,72.92,Mailchimp
462,5,2025-04-04,12120,548,9,77.70,Mailchimp
463,5,2025-04-05,7391,188,17,70.28,Mailchimp
464,5,2025-04-06,14132,113,17,77.47,Mailchimp
465,5,2025-04-07,17782,273,21,56.45,Mailchimp
466,5,2025-04-08,6993,358,7,65.29,Mailchimp
467,5,2025-04-09,15357,166,12,64.74,Mailchimp
468,5,2025-04-10,19296,557,8,72.04,Mailchimp
469,5,2025-04-11,7119,163,32,67.09,Mailchimp
470,5,2025-04-12,15244,294,8,72.47,Mailchimp
471,5,2025-04-13,5834,232,18,69.66,Mailchimp
472,5,2025-04-14,16912,388,19,56.12,Mailchimp
473,5,2025-04-15,9558,101,20,56.17,Mailchimp
474,5,2025-04-16,14427,514,19,56.77,Mailchimp
475,5,2025-04-17,19171,157,20,70.63,Mailchimp
476,5,2025-04-18,19013,489,9,56.02,Mailchimp
477,5,2025-04-19,17425,414,12,57.39,Mailchimp
478,5,2025-04-20,14944,121,34,61.42,Mailchimp
479,5,2025-04-21,7842,454,7,66.85,Mailchimp
480,5,2025-04-22,7648,353,25,60.59,Mailchimp
481,5,2025-04-23,13253,535,14,62.26,Mailchimp
482,5,2025-04-24,12198,207,8,75.20,Mailchimp
483,5,2025-04-25,14862,217,6,79.36,Mailchimp
484,5,2025-04-26,11007,448,28,61.12,Mailchimp
485,5,2025-04-27,11352,494,33,56.04,Mailchimp
486,5,2025-04-28,12486,465,9,77.74,Mailchimp
487,5,2025-04-29,7556,152,17,71.28,Mailchimp
488,5,2025-04-30,14874,537,26,63.69,Mailchimp
489,5,2025-05-01,5830,114,17,62.67,Mailchimp
490,5,2025-05-02,15031,378,22,62.73,Mailchimp
491,5,2025-05-03,9323,220,27,59.59,Mailchimp
492,5,2025-05-04,12606,277,27,70.51,Mailchimp
493,5,2025-05-05,5363,368,9,78.86,Mailchimp
494,5,2025-05-06,7324,360,7,78.94,Mailchimp
495,5,2025-05-07,16970,587,28,57.76,Mailchimp
496,5,2025-05-08,6504,543,33,53.57,Mailchimp
497,5,2025-05-09,12908,503,31,72.99,Mailchimp
498,5,2025-05-10,18961,352,31,70.32,Mailchimp
499,5,2025-05-11,8530,579,23,54.66,Mailchimp
500,5,2025-05-12,13354,536,15,56.40,Mailchimp
501,5,2025-05-13,12157,232,28,77.17,Mailchimp
502,5,2025-05-14,19391,312,25,67.98,Mailchimp
503,5,2025-05-15,6317,192,28,72.54,Mailchimp
504,5,2025-05-16,14635,131,13,79.16,Mailchimp
505,5,2025-05-17,11449,110,14,57.51,Mailchimp
506,5,2025-05-18,12942,337,30,68.55,Mailchimp
507,5,2025-05-19,11860,212,23,64.10,Mailchimp
508,5,2025-05-20,7982,447,5,71.48,Mailchimp
509,5,2025-05-21,9659,314,25,70.87,Mailchimp
510,5,2025-05-22,13139,368,29,55.89,Mailchimp
511,5,2025-05-23,12725,291,23,70.56,Mailchimp
512,5,2025-05-24,16827,440,32,61.61,Mailchimp
513,5,2025-05-25,11302,528,31,60.62,Mailchimp
514,5,2025-05-26,14167,396,11,61.91,Mailchimp
515,5,2025-05-27,12259,253,12,74.68,Mailchimp
516,5,2025-05-28,15465,306,8,61.64,Mailchimp
517,5,2025-05-29,13303,432,8,61.07,Mailchimp
518,5,2025-05-30,16984,144,28,72.52,Mailchimp
519,5,2025-05-31,14332,286,20,54.39,Mailchimp
520,5,2025-06-01,6701,431,18,69.63,Mailchimp
521,5,2025-06-02,6205,362,24,55.33,Mailchimp
522,5,2025-06-03,6629,179,18,77.05,Mailchimp
523,5,2025-06-04,10311,381,24,65.87,Mailchimp
524,5,2025-06-05,15306,150,14,77.44,Mailchimp
525,5,2025-06-06,5987,517,23,56.04,Mailchimp
526,5,2025-06-07,12405,390,30,79.68,Mailchimp
527,5,2025-06-08,5328,270,25,74.54,Mailchimp
528,5,2025-06-09,7694,415,28,70.81,Mailchimp
529,5,2025-06-10,14540,149,13,71.66,Mailchimp
530,5,2025-06-11,7658,459,32,57.13,Mailchimp
531,5,2025-06-12,7610,309,23,79.12,Mailchimp
532,5,2025-06-13,18947,287,35,57.42,Mailchimp
533,5,2025-06-14,7588,242,28,76.33,Mailchimp
534,5,2025-06-15,5169,351,28,68.43,Mailchimp
535,5,2025-06-16,7219,524,22,58.98,Mailchimp
536,5,2025-06-17,19527,186,22,75.20,Mailchimp
537,5,2025-06-18,10484,450,30,59.76,Mailchimp
538,5,2025-06-19,18476,504,6,64.73,Mailchimp
539,5,2025-06-20,10778,430,6,71.55,Mailchimp
540,5,2025-06-21,6725,583,18,71.97,Mailchimp
541,5,2025-06-22,15519,459,27,75.43,Mailchimp
542,5,2025-06-23,8836,187,19,79.18,Mailchimp
543,5,2025-06-24,11880,510,33,74.20,Mailchimp
544,5,2025-06-25,12783,146,15,61.54,Mailchimp
545,5,2025-06-26,17280,106,7,62.66,Mailchimp
546,5,2025-06-27,19186,378,17,59.72,Mailchimp
547,5,2025-06-28,13255,515,19,71.93,Mailchimp
548,5,2025-06-29,12870,567,27,70.18,Mailchimp
549,5,2025-06-30,13338,210,34,80.00,Mailchimp
550,5,2025-07-01,16201,313,24,68.63,Mailchimp
551,5,2025-07-02,14634,301,33,64.30,Mailchimp
552,5,2025-07-03,11182,144,13,63.12,Mailchimp
553,5,2025-07-04,10031,500,9,54.10,Mailchimp
554,5,2025-07-05,19247,186,22,64.11,Mailchimp
555,5,2025-07-06,10796,215,21,66.63,Mailchimp
556,5,2025-07-07,6734,535,17,79.12,Mailchimp
557,5,2025-07-08,12414,113,32,76.31,Mailchimp
558,5,2025-07-09,18719,163,13,66.40,Mailchimp
559,5,2025-07-10,5478,333,10,70.14,Mailchimp
560,5,2025-07-11,11547,404,20,54.27,Mailchimp
561,5,2025-07-12,7591,480,8,59.10,Mailchimp
562,5,2025-07-13,14908,299,25,73.55,Mailchimp
563,5,2025-07-14,16793,321,10,77.39,Mailchimp
564,5,2025-07-15,11525,133,21,68.78,Mailchimp
565,5,2025-07-16,9231,225,18,64.36,Mailchimp
566,5,2025-07-17,15596,414,19,61.08,Mailchimp
567,5,2025-07-18,17608,513,19,79.58,Mailchimp
568,5,2025-07-19,11731,159,19,61.87,Mailchimp
569,5,2025-07-20,7365,509,17,74.80,Mailchimp
570,5,2025-07-21,17229,184,20,76.64,Mailchimp
571,5,2025-07-22,13397,506,13,73.07,Mailchimp
572,5,2025-07-23,8906,183,7,68.76,Mailchimp
573,5,2025-07-24,19548,241,23,79.99,Mailchimp
574,5,2025-07-25,10521,280,19,55.25,Mailchimp
575,5,2025-07-26,14484,103,27,74.52,Mailchimp
576,5,2025-07-27,7755,485,32,78.43,Mailchimp
577,5,2025-07-28,14161,245,29,75.75,Mailchimp
578,5,2025-07-29,10373,192,13,77.85,Mailchimp
579,5,2025-07-30,10012,535,12,57.16,Mailchimp
580,5,2025-07-31,13544,184,20,70.48,Mailchimp
581,5,2025-08-01,6888,342,24,67.47,Mailchimp
582,5,2025-08-02,6208,379,5,61.75,Mailchimp
583,5,2025-08-03,17131,330,13,70.10,Mailchimp
584,5,2025-08-04,10618,334,33,72.91,Mailchimp
585,5,2025-08-05,9933,535,22,67.57,Mailchimp
586,5,2025-08-06,13683,581,26,71.48,Mailchimp
587,5,2025-08-07,15527,324,19,58.98,Mailchimp
588,5,2025-08-08,12287,212,32,53.73,Mailchimp
589,5,2025-08-09,12288,170,10,78.86,Mailchimp
590,5,2025-08-10,6236,326,22,66.85,Mailchimp
591,5,2025-08-11,14872,184,6,64.79,Mailchimp
592,5,2025-08-12,13363,562,11,62.56,Mailchimp
593,5,2025-08-13,8963,273,6,53.37,Mailchimp
594,5,2025-08-14,19016,424,10,73.16,Mailchimp
595,5,2025-08-15,13397,471,9,68.35,Mailchimp
596,5,2025-08-16,19961,194,25,77.64,Mailchimp
597,5,2025-08-17,13735,253,18,55.99,Mailchimp
598,5,2025-08-18,16663,556,28,63.33,Mailchimp
599,5,2025-08-19,12953,532,17,56.05,Mailchimp
600,5,2025-08-20,11043,237,24,77.02,Mailchimp
601,5,2025-08-21,10191,488,15,62.48,Mailchimp
602,5,2025-08-22,5636,396,25,63.57,Mailchimp
603,5,2025-08-23,8952,335,26,70.89,Mailchimp
604,5,2025-08-24,6540,378,14,62.06,Mailchimp
605,5,2025-08-25,19406,329,33,74.37,Mailchimp
606,5,2025-08-26,14480,483,20,57.04,Mailchimp
607,5,2025-08-27,10726,504,28,72.04,Mailchimp
608,5,2025-08-28,13110,185,22,53.89,Mailchimp
609,5,2025-08-29,14500,131,16,55.26,Mailchimp
610,5,2025-08-30,12194,559,7,67.66,Mailchimp
611,5,2025-08-31,13071,232,11,70.01,Mailchimp
612,5,2025-09-01,8920,256,15,70.34,Mailchimp
613,5,2025-09-02,7389,595,19,56.82,Mailchimp
614,5,2025-09-03,15993,244,7,67.16,Mailchimp
615,5,2025-09-04,17403,591,27,71.70,Mailchimp
616,5,2025-09-05,13666,468,33,59.09,Mailchimp
617,5,2025-09-06,10409,176,7,54.52,Mailchimp
618,5,2025-09-07,9317,371,34,55.54,Mailchimp
619,5,2025-09-08,15002,566,25,62.27,Mailchimp
620,5,2025-09-09,19688,252,20,53.58,Mailchimp
621,5,2025-09-10,15233,181,27,70.71,Mailchimp
622,5,2025-09-11,15829,165,28,53.61,Mailchimp
623,5,2025-09-12,12017,107,27,64.06,Mailchimp
624,5,2025-09-13,9886,498,25,62.83,Mailchimp
625,5,2025-09-14,18572,333,7,58.64,Mailchimp
626,5,2025-09-15,19830,462,21,75.59,Mailchimp
627,5,2025-09-16,16411,500,17,67.08,Mailchimp
628,5,2025-09-17,5409,304,32,54.24,Mailchimp
629,5,2025-09-18,14080,161,6,71.19,Mailchimp
630,5,2025-09-19,5278,516,9,73.48,Mailchimp
631,5,2025-09-20,14461,425,33,76.81,Mailchimp
632,5,2025-09-21,7752,370,28,74.23,Mailchimp
633,5,2025-09-22,16444,473,19,56.50,Mailchimp
634,5,2025-09-23,19316,176,9,60.11,Mailchimp
635,5,2025-09-24,8233,188,20,59.83,Mailchimp
636,5,2025-09-25,19584,155,17,64.91,Mailchimp
637,5,2025-09-26,5251,518,22,74.29,Mailchimp
638,5,2025-09-27,16323,591,7,53.40,Mailchimp
639,5,2025-09-28,5737,375,22,70.48,Mailchimp
640,5,2025-09-29,16563,162,15,61.45,Mailchimp
641,5,2025-09-30,17604,423,17,73.90,Mailchimp
642,5,2025-10-01,17257,490,7,71.06,Mailchimp
643,5,2025-10-02,14173,297,19,68.19,Mailchimp
644,5,2025-10-03,5746,300,35,62.09,Mailchimp
645,5,2025-10-04,9531,413,18,55.18,Mailchimp
646,5,2025-10-05,8721,243,15,79.87,Mailchimp
647,5,2025-10-06,19987,390,15,67.42,Mailchimp
648,5,2025-10-07,14437,441,10,55.15,Mailchimp
649,5,2025-10-08,17951,467,24,64.91,Mailchimp
650,5,2025-10-09,15854,209,19,64.34,Mailchimp
651,5,2025-10-10,14715,447,5,60.82,Mailchimp
652,5,2025-10-11,7484,236,6,77.62,Mailchimp
653,5,2025-10-12,16058,569,12,78.48,Mailchimp
654,5,2025-10-13,11773,339,20,71.76,Mailchimp
655,5,2025-10-14,18394,104,5,67.52,Mailchimp
656,5,2025-10-15,7878,287,22,76.33,Mailchimp
657,5,2025-10-16,17549,117,13,56.67,Mailchimp
658,5,2025-10-17,13402,404,7,64.91,Mailchimp
659,5,2025-10-18,6412,492,26,63.71,Mailchimp
660,5,2025-10-19,13094,222,17,71.77,Mailchimp
661,5,2025-10-20,15966,423,26,69.64,Mailchimp
662,5,2025-10-21,13936,412,33,54.65,Mailchimp
663,5,2025-10-22,18212,585,26,69.62,Mailchimp
664,5,2025-10-23,18629,324,13,77.98,Mailchimp
665,5,2025-10-24,15978,326,14,55.78,Mailchimp
666,5,2025-10-25,9893,513,12,74.53,Mailchimp
667,5,2025-10-26,13638,444,30,69.09,Mailchimp
668,5,2025-10-27,8494,135,17,73.76,Mailchimp
669,5,2025-10-28,8480,528,12,53.68,Mailchimp
670,5,2025-10-29,9718,201,15,73.05,Mailchimp
671,5,2025-10-30,18252,144,19,70.83,Mailchimp
672,5,2025-10-31,15751,165,27,75.11,Mailchimp
673,5,2025-11-01,10158,148,33,62.12,Mailchimp
674,5,2025-11-02,17559,588,10,56.43,Mailchimp
675,5,2025-11-03,7667,446,34,75.15,Mailchimp
676,5,2025-11-04,15352,422,10,53.46,Mailchimp
677,5,2025-11-05,13641,510,27,63.51,Mailchimp
678,5,2025-11-06,5312,155,20,69.72,Mailchimp
679,5,2025-11-07,15524,468,32,55.08,Mailchimp
680,5,2025-11-08,16101,279,18,74.41,Mailchimp
681,5,2025-11-09,15971,593,10,62.97,Mailchimp
682,5,2025-11-10,15940,322,31,63.38,Mailchimp
683,5,2025-11-11,6492,546,9,54.44,Mailchimp
684,5,2025-11-12,16836,393,23,79.86,Mailchimp
685,5,2025-11-13,15791,204,19,53.38,Mailchimp
686,5,2025-11-14,8182,267,35,65.06,Mailchimp
687,5,2025-11-15,12126,187,26,59.97,Mailchimp
688,5,2025-11-16,7939,318,28,66.19,Mailchimp
689,5,2025-11-17,17284,107,20,62.69,Mailchimp
690,5,2025-11-18,14979,539,17,73.90,Mailchimp
691,5,2025-11-19,5784,593,8,61.07,Mailchimp
692,5,2025-11-20,7807,113,15,68.73,Mailchimp
693,5,2025-11-21,19991,522,5,68.30,Mailchimp
694,5,2025-11-22,16235,531,26,66.25,Mailchimp
695,5,2025-11-23,19631,542,9,65.66,Mailchimp
696,5,2025-11-24,13050,368,15,77.44,Mailchimp
697,5,2025-11-25,5391,115,22,59.05,Mailchimp
698,5,2025-11-26,7267,489,8,64.31,Mailchimp
699,5,2025-11-27,15773,505,16,71.77,Mailchimp
700,5,2025-11-28,13892,259,17,72.94,Mailchimp
701,5,2025-11-29,12798,587,9,59.59,Mailchimp
702,5,2025-11-30,18923,137,9,79.15,Mailchimp
703,5,2025-12-01,17448,378,23,60.28,Mailchimp
704,5,2025-12-02,10800,310,19,67.97,Mailchimp
705,5,2025-12-03,8555,261,13,76.15,Mailchimp
706,5,2025-12-04,14806,152,22,59.77,Mailchimp
707,5,2025-12-05,8044,182,22,74.26,Mailchimp
708,5,2025-12-06,8583,399,30,71.82,Mailchimp
709,5,2025-12-07,19121,474,12,64.99,Mailchimp
710,5,2025-12-08,8734,236,7,53.72,Mailchimp
711,5,2025-12-09,6557,292,10,73.33,Mailchimp
712,5,2025-12-10,13641,411,8,71.32,Mailchimp
713,5,2025-12-11,17258,249,13,54.03,Mailchimp
714,5,2025-12-12,8519,191,12,77.65,Mailchimp
715,5,2025-12-13,5828,577,23,59.15,Mailchimp
716,5,2025-12-14,7972,227,6,58.16,Mailchimp
717,5,2025-12-15,17323,425,26,62.83,Mailchimp
718,5,2025-12-16,7618,373,33,71.94,Mailchimp
719,5,2025-12-17,14426,182,7,62.65,Mailchimp
720,5,2025-12-18,13871,173,29,77.38,Mailchimp
721,5,2025-12-19,7588,129,23,73.91,Mailchimp
722,5,2025-12-20,17580,184,31,62.36,Mailchimp
723,5,2025-12-21,5665,514,17,72.63,Mailchimp
724,5,2025-12-22,11141,357,22,53.82,Mailchimp
725,5,2025-12-23,18806,318,29,67.87,Mailchimp
726,5,2025-12-24,14989,297,23,66.04,Mailchimp
727,5,2025-12-25,10848,484,10,66.00,Mailchimp
728,5,2025-12-26,19540,161,33,67.19,Mailchimp
729,5,2025-12-27,19410,514,20,57.28,Mailchimp
730,5,2025-12-28,18597,480,24,58.54,Mailchimp
731,5,2025-12-29,10510,559,12,69.22,Mailchimp
732,5,2025-12-30,17018,522,15,70.20,Mailchimp
733,5,2025-12-31,6487,357,18,56.76,Mailchimp
734,5,2026-01-01,19909,311,15,67.64,Mailchimp
735,5,2026-01-02,15748,413,18,64.72,Mailchimp
736,5,2026-01-03,5997,102,19,58.38,Mailchimp
737,5,2026-01-04,14992,426,16,77.36,Mailchimp
738,5,2026-01-05,8778,558,16,55.35,Mailchimp
739,5,2026-01-06,15780,549,26,55.59,Mailchimp
740,5,2026-01-07,16768,218,11,53.86,Mailchimp
741,5,2026-01-08,9550,557,21,60.56,Mailchimp
742,5,2026-01-09,7135,599,9,61.36,Mailchimp
743,5,2026-01-10,14995,286,18,65.84,Mailchimp
744,5,2026-01-11,18854,337,23,56.27,Mailchimp
745,5,2026-01-12,14970,223,23,71.95,Mailchimp
746,5,2026-01-13,14473,298,24,59.70,Mailchimp
747,5,2026-01-14,15791,333,20,59.13,Mailchimp
748,5,2026-01-15,19623,352,27,61.54,Mailchimp
749,5,2026-01-16,6353,393,34,69.37,Mailchimp
750,5,2026-01-17,15434,290,22,72.83,Mailchimp
751,5,2026-01-18,5754,183,7,64.97,Mailchimp
752,5,2026-01-19,8279,463,7,78.33,Mailchimp
753,5,2026-01-20,9110,413,14,67.62,Mailchimp
754,5,2026-01-21,18044,409,27,67.33,Mailchimp
755,5,2026-01-22,11190,592,5,54.26,Mailchimp
756,5,2026-01-23,13167,290,12,57.67,Mailchimp
757,5,2026-01-24,16992,445,30,74.63,Mailchimp
758,5,2026-01-25,14651,305,13,78.54,Mailchimp
759,5,2026-01-26,15404,496,10,69.78,Mailchimp
760,5,2026-01-27,6606,396,27,58.35,Mailchimp
761,5,2026-01-28,8414,444,9,57.62,Mailchimp
762,5,2026-01-29,12977,423,28,75.63,Mailchimp
763,5,2026-01-30,16127,138,15,76.25,Mailchimp
764,5,2026-01-31,17314,572,16,55.80,Mailchimp
765,5,2026-02-01,17377,128,32,68.58,Mailchimp
766,5,2026-02-02,5693,581,33,60.77,Mailchimp
767,5,2026-02-03,5426,162,14,76.39,Mailchimp
768,5,2026-02-04,19445,114,15,56.64,Mailchimp
769,5,2026-02-05,16619,120,7,61.67,Mailchimp
770,6,2024-04-01,19339,377,32,156.77,Facebook
771,6,2024-04-02,19557,147,21,151.07,Instagram
772,6,2024-04-03,9602,255,18,139.41,Instagram
773,6,2024-04-04,14212,575,25,174.07,Instagram
774,6,2024-04-05,7908,454,34,160.28,Instagram
775,6,2024-04-06,14047,450,22,186.20,Instagram
776,6,2024-04-07,13084,495,28,139.04,Instagram
777,6,2024-04-08,16454,280,31,182.23,Instagram
778,6,2024-04-09,10098,540,21,179.09,Instagram
779,6,2024-04-10,5676,194,16,143.51,TikTok
780,6,2024-04-11,15440,343,11,195.68,Facebook
781,6,2024-04-12,6671,301,26,190.87,Facebook
782,6,2024-04-13,11950,551,25,143.17,Instagram
783,6,2024-04-14,8085,501,11,171.48,Facebook
784,6,2024-04-15,9348,355,12,138.72,TikTok
785,6,2024-04-16,18262,344,34,197.08,Instagram
786,6,2024-04-17,14992,520,20,164.89,Instagram
787,6,2024-04-18,12963,292,6,167.81,Facebook
788,6,2024-04-19,9106,456,34,147.11,Facebook
789,6,2024-04-20,17699,568,34,161.18,TikTok
790,6,2024-04-21,6145,351,10,184.25,Facebook
791,6,2024-04-22,6454,440,29,173.91,Instagram
792,6,2024-04-23,16523,350,12,149.04,TikTok
793,6,2024-04-24,14522,278,13,143.01,Instagram
794,6,2024-04-25,10105,573,27,191.28,Instagram
795,6,2024-04-26,14203,306,27,188.34,Instagram
796,6,2024-04-27,14418,262,22,143.07,TikTok
797,6,2024-04-28,9615,105,18,188.66,Instagram
798,6,2024-04-29,7679,417,8,133.63,Instagram
799,6,2024-04-30,7134,195,30,155.64,Facebook
800,6,2024-05-01,19179,119,13,198.49,TikTok
801,6,2024-05-02,17218,285,13,171.28,Instagram
802,6,2024-05-03,12601,222,28,138.79,TikTok
803,6,2024-05-04,6794,475,25,138.19,Facebook
804,6,2024-05-05,11546,102,14,152.59,Facebook
805,6,2024-05-06,6522,153,11,182.83,TikTok
806,6,2024-05-07,11944,401,17,145.89,TikTok
807,6,2024-05-08,16963,103,31,194.45,Facebook
808,6,2024-05-09,11176,203,19,158.70,Instagram
809,6,2024-05-10,9633,197,23,152.33,Instagram
810,6,2024-05-11,16969,239,32,166.77,TikTok
811,6,2024-05-12,13943,403,29,197.87,Facebook
812,6,2024-05-13,14401,225,22,177.83,Facebook
813,6,2024-05-14,7299,294,28,197.17,Instagram
814,6,2024-05-15,6505,495,13,169.80,Instagram
815,6,2024-05-16,17427,439,23,188.66,Instagram
816,6,2024-05-17,7957,474,15,174.67,Facebook
817,6,2024-05-18,10291,386,32,160.66,TikTok
818,6,2024-05-19,12186,326,21,180.98,Facebook
819,6,2024-05-20,15607,342,13,146.83,Facebook
820,6,2024-05-21,8215,173,16,174.48,Facebook
821,6,2024-05-22,16307,581,24,195.83,TikTok
822,6,2024-05-23,19523,492,26,135.67,Instagram
823,6,2024-05-24,17156,533,34,195.07,Instagram
824,6,2024-05-25,17382,337,22,182.65,Facebook
825,6,2024-05-26,9740,327,27,173.49,Instagram
826,6,2024-05-27,6755,339,22,167.81,Facebook
827,6,2024-05-28,10150,148,24,158.19,Instagram
828,6,2024-05-29,19225,108,24,181.45,Instagram
829,6,2024-05-30,10222,538,20,194.38,Instagram
830,6,2024-05-31,13798,414,20,153.20,Instagram
831,6,2024-06-01,16391,527,23,183.16,TikTok
832,6,2024-06-02,6706,140,19,134.75,Instagram
833,6,2024-06-03,8140,562,23,189.17,Facebook
834,6,2024-06-04,5160,547,9,143.57,Instagram
835,6,2024-06-05,13680,549,6,178.29,Instagram
836,6,2024-06-06,14762,301,27,155.05,Instagram
837,6,2024-06-07,5722,528,34,178.95,Facebook
838,6,2024-06-08,16088,130,12,191.46,Instagram
839,6,2024-06-09,13372,280,13,170.86,TikTok
840,6,2024-06-10,11746,380,15,148.97,TikTok
841,6,2024-06-11,19134,264,18,138.21,TikTok
842,6,2024-06-12,18760,115,33,176.72,Instagram
843,6,2024-06-13,19939,485,26,187.64,Instagram
844,6,2024-06-14,15552,338,21,173.90,Instagram
845,6,2024-06-15,13447,474,32,197.37,TikTok
846,6,2024-06-16,11665,295,30,193.28,TikTok
847,6,2024-06-17,12021,341,19,155.26,Facebook
848,6,2024-06-18,14235,365,5,140.58,Facebook
849,6,2024-06-19,16018,245,15,170.38,TikTok
850,6,2024-06-20,13019,328,9,180.85,Instagram
851,6,2024-06-21,11995,205,34,157.45,Facebook
852,6,2024-06-22,19011,481,10,155.74,Instagram
853,6,2024-06-23,5705,536,27,162.96,Instagram
854,6,2024-06-24,11260,211,28,162.93,Facebook
855,6,2024-06-25,8288,291,23,153.68,Instagram
856,6,2024-06-26,6672,522,34,172.13,Instagram
857,6,2024-06-27,8525,571,26,170.96,TikTok
858,6,2024-06-28,9144,251,15,151.60,Facebook
859,6,2024-06-29,11489,566,11,194.65,Facebook
860,6,2024-06-30,9246,278,22,167.10,Instagram
861,6,2024-07-01,11142,341,6,134.73,Instagram
862,6,2024-07-02,10341,594,33,175.89,Facebook
863,6,2024-07-03,17949,289,18,171.28,Facebook
864,6,2024-07-04,6417,514,20,158.21,Facebook
865,6,2024-07-05,19457,418,7,194.08,Instagram
866,6,2024-07-06,14621,286,28,184.77,Facebook
867,6,2024-07-07,7259,402,7,145.35,TikTok
868,6,2024-07-08,14570,412,28,198.14,Instagram
869,6,2024-07-09,14686,333,26,178.02,Facebook
870,6,2024-07-10,11590,295,8,144.10,Facebook
871,6,2024-07-11,7909,398,24,162.11,Facebook
872,6,2024-07-12,8568,292,23,156.85,Instagram
873,6,2024-07-13,19671,515,9,149.49,Facebook
874,6,2024-07-14,6885,338,21,156.40,Instagram
875,6,2024-07-15,18109,548,24,197.04,Facebook
876,6,2024-07-16,6628,218,11,185.34,TikTok
877,6,2024-07-17,12679,305,16,197.98,Facebook
878,6,2024-07-18,9340,149,32,199.80,Instagram
879,6,2024-07-19,15724,235,17,169.40,Instagram
880,6,2024-07-20,17653,485,22,136.86,Instagram
881,6,2024-07-21,16357,437,22,164.90,Facebook
882,6,2024-07-22,15602,390,10,146.08,Facebook
883,6,2024-07-23,11769,271,5,149.79,Instagram
884,6,2024-07-24,11920,453,10,160.02,Instagram
885,6,2024-07-25,11630,289,19,144.76,Facebook
886,6,2024-07-26,10139,546,23,153.63,TikTok
887,6,2024-07-27,10196,366,23,147.12,Instagram
888,6,2024-07-28,6583,353,13,137.00,Facebook
889,6,2024-07-29,11344,337,14,163.78,Instagram
890,6,2024-07-30,16310,217,31,145.66,Instagram
891,6,2024-07-31,8905,336,32,161.47,Facebook
892,6,2024-08-01,10690,210,31,188.54,Instagram
893,6,2024-08-02,15128,178,18,159.81,Facebook
894,6,2024-08-03,8737,543,14,193.24,Instagram
895,6,2024-08-04,18684,209,14,138.59,Instagram
896,6,2024-08-05,17094,140,28,186.37,Instagram
897,6,2024-08-06,18395,111,19,167.98,Instagram
898,6,2024-08-07,10904,277,11,146.83,Instagram
899,6,2024-08-08,15440,370,26,162.87,Instagram
900,6,2024-08-09,7121,174,11,184.02,Instagram
901,6,2024-08-10,9502,120,7,194.87,Facebook
902,6,2024-08-11,7798,500,26,170.85,TikTok
903,6,2024-08-12,17097,579,35,147.71,Instagram
904,6,2024-08-13,11820,405,26,155.24,Instagram
905,6,2024-08-14,19014,600,19,138.85,TikTok
906,6,2024-08-15,6842,258,13,182.20,Instagram
907,6,2024-08-16,16270,249,32,147.23,Instagram
908,6,2024-08-17,19571,290,16,137.97,TikTok
909,6,2024-08-18,11848,418,24,152.13,Facebook
910,6,2024-08-19,9843,311,14,181.82,TikTok
911,6,2024-08-20,16683,162,19,170.14,TikTok
912,6,2024-08-21,8474,594,27,164.39,TikTok
913,6,2024-08-22,19326,240,8,155.72,Facebook
914,6,2024-08-23,7897,150,33,156.42,TikTok
915,6,2024-08-24,7015,365,24,179.23,Facebook
916,6,2024-08-25,13764,384,34,143.65,Facebook
917,6,2024-08-26,13344,377,20,165.75,Instagram
918,6,2024-08-27,9778,185,11,184.80,TikTok
919,6,2024-08-28,19392,326,30,170.29,Instagram
920,6,2024-08-29,9126,219,15,152.90,Instagram
921,6,2024-08-30,17130,228,21,182.74,Instagram
922,6,2024-08-31,15689,129,22,175.99,Instagram
923,6,2024-09-01,7868,413,34,162.27,Instagram
924,6,2024-09-02,6446,363,35,171.17,Instagram
925,6,2024-09-03,7921,466,9,192.10,Facebook
926,6,2024-09-04,9892,259,19,185.75,Instagram
927,6,2024-09-05,7339,307,14,149.62,Instagram
928,6,2024-09-06,18019,324,7,168.76,Instagram
929,6,2024-09-07,19499,143,30,140.73,Instagram
930,6,2024-09-08,12125,533,7,161.28,Instagram
931,6,2024-09-09,16342,360,15,168.21,Instagram
932,6,2024-09-10,6360,592,19,166.82,Facebook
933,6,2024-09-11,13224,129,24,148.12,Instagram
934,6,2024-09-12,9274,259,24,145.21,Facebook
935,6,2024-09-13,11425,101,21,190.70,TikTok
936,6,2024-09-14,17802,126,30,174.06,Facebook
937,6,2024-09-15,6554,235,19,154.77,Instagram
938,6,2024-09-16,19734,385,10,163.45,Instagram
939,6,2024-09-17,19275,446,26,147.59,Instagram
940,6,2024-09-18,5147,166,7,165.72,Facebook
941,6,2024-09-19,7419,209,9,188.70,Instagram
942,6,2024-09-20,18118,156,29,157.75,Instagram
943,6,2024-09-21,14511,593,20,140.57,Facebook
944,6,2024-09-22,8810,414,16,162.55,Facebook
945,6,2024-09-23,6996,454,27,155.53,Facebook
946,6,2024-09-24,16329,308,27,185.83,TikTok
947,6,2024-09-25,5205,524,34,136.57,Instagram
948,6,2024-09-26,7461,551,6,181.72,Instagram
949,6,2024-09-27,15297,367,18,167.55,Instagram
950,6,2024-09-28,5065,374,17,169.03,Instagram
951,6,2024-09-29,16519,263,27,143.67,Instagram
952,6,2024-09-30,10297,158,6,161.27,Instagram
953,6,2024-10-01,8611,324,32,190.73,Facebook
954,6,2024-10-02,13992,279,9,151.77,Instagram
955,6,2024-10-03,13288,572,31,159.83,TikTok
956,6,2024-10-04,12204,347,6,188.69,Facebook
957,6,2024-10-05,5900,370,33,190.64,Facebook
958,6,2024-10-06,8575,443,10,140.65,Instagram
959,6,2024-10-07,7099,309,7,141.28,TikTok
960,6,2024-10-08,14321,167,23,189.37,Facebook
961,6,2024-10-09,16997,146,16,136.21,TikTok
962,6,2024-10-10,6446,499,35,144.01,Facebook
963,6,2024-10-11,12074,199,27,159.81,Instagram
964,6,2024-10-12,6668,541,35,193.74,Instagram
965,6,2024-10-13,15965,487,32,158.91,Instagram
966,6,2024-10-14,6225,546,12,136.02,Facebook
967,6,2024-10-15,10425,522,21,169.21,TikTok
968,6,2024-10-16,8774,145,7,186.72,TikTok
969,6,2024-10-17,10992,254,25,154.75,Instagram
970,6,2024-10-18,10615,296,22,185.34,Instagram
971,6,2024-10-19,11951,378,12,163.07,TikTok
972,6,2024-10-20,16813,214,26,147.12,TikTok
973,6,2024-10-21,16438,153,14,143.42,TikTok
974,6,2024-10-22,17146,250,24,154.13,Instagram
975,6,2024-10-23,13336,381,34,188.20,TikTok
976,6,2024-10-24,15063,489,9,157.87,Instagram
977,6,2024-10-25,8076,274,31,133.68,TikTok
978,6,2024-10-26,19934,436,18,169.75,Instagram
979,6,2024-10-27,15820,201,12,136.57,Instagram
980,6,2024-10-28,10549,570,22,180.87,Facebook
981,6,2024-10-29,9533,364,8,167.91,Facebook
982,6,2024-10-30,10027,556,8,177.24,Instagram
983,6,2024-10-31,14996,302,10,156.21,Instagram
984,6,2024-11-01,18870,493,17,199.82,Instagram
985,6,2024-11-02,17632,119,23,176.77,Facebook
986,6,2024-11-03,15669,250,31,138.20,Facebook
987,6,2024-11-04,16230,306,7,174.33,Instagram
988,6,2024-11-05,16012,218,29,152.59,Instagram
989,6,2024-11-06,17660,296,9,175.25,Instagram
990,6,2024-11-07,11445,328,24,196.76,Instagram
991,6,2024-11-08,6577,249,11,177.97,Instagram
992,6,2024-11-09,9736,527,22,162.60,Instagram
993,6,2024-11-10,7018,373,32,151.31,Instagram
994,6,2024-11-11,11143,219,17,137.91,Instagram
995,6,2024-11-12,18881,536,21,180.52,TikTok
996,6,2024-11-13,19868,289,26,189.61,Instagram
997,6,2024-11-14,8871,517,25,153.87,Facebook
998,6,2024-11-15,13437,160,6,141.08,Instagram
999,6,2024-11-16,9892,398,20,197.24,Instagram
1000,6,2024-11-17,11504,338,34,151.77,Facebook
1001,6,2024-11-18,17433,109,13,161.89,Instagram
1002,6,2024-11-19,18544,514,28,141.42,Facebook
1003,6,2024-11-20,12931,539,30,186.89,Instagram
1004,6,2024-11-21,15212,168,30,169.31,Instagram
1005,6,2024-11-22,13563,547,31,189.28,Instagram
1006,6,2024-11-23,17401,105,22,188.80,TikTok
1007,6,2024-11-24,10162,372,27,185.07,Instagram
1008,6,2024-11-25,12718,116,16,172.04,TikTok
1009,6,2024-11-26,14736,207,32,190.37,TikTok
1010,6,2024-11-27,11614,224,6,155.19,TikTok
1011,6,2024-11-28,7370,307,21,152.22,TikTok
1012,6,2024-11-29,9135,480,33,169.84,TikTok
1013,6,2024-11-30,13524,398,20,191.98,Instagram
1014,6,2024-12-01,18491,237,18,194.46,Instagram
1015,6,2024-12-02,18478,502,34,196.08,Instagram
1016,6,2024-12-03,11170,283,9,151.49,TikTok
1017,6,2024-12-04,16204,363,14,189.57,Instagram
1018,6,2024-12-05,18331,590,12,190.19,Facebook
1019,6,2024-12-06,11739,559,32,136.34,Facebook
1020,6,2024-12-07,8467,219,18,151.28,Facebook
1021,6,2024-12-08,18042,398,22,147.25,Instagram
1022,6,2024-12-09,13136,398,16,193.73,Instagram
1023,6,2024-12-10,9549,385,29,186.48,TikTok
1024,6,2024-12-11,7609,144,34,189.12,Facebook
1025,6,2024-12-12,14057,435,24,134.33,TikTok
1026,6,2024-12-13,17090,185,8,185.43,Instagram
1027,6,2024-12-14,18144,209,12,156.41,Instagram
1028,6,2024-12-15,13936,438,22,193.16,Instagram
1029,6,2024-12-16,11443,563,20,142.36,Facebook
1030,6,2024-12-17,10301,329,29,180.58,Instagram
1031,6,2024-12-18,13093,213,29,170.13,Instagram
1032,6,2024-12-19,15124,244,26,145.51,Facebook
1033,6,2024-12-20,11736,405,16,178.58,TikTok
1034,6,2024-12-21,17638,470,21,162.58,Facebook
1035,6,2024-12-22,11248,308,34,152.84,Facebook
1036,6,2024-12-23,17444,366,18,139.24,TikTok
1037,6,2024-12-24,5748,332,21,158.25,Instagram
1038,6,2024-12-25,18472,557,29,167.01,Facebook
1039,6,2024-12-26,6718,235,7,173.70,TikTok
1040,6,2024-12-27,18136,286,33,151.47,TikTok
1041,6,2024-12-28,7702,335,27,197.47,Instagram
1042,6,2024-12-29,14830,284,25,182.35,Instagram
1043,6,2024-12-30,13351,522,31,140.00,TikTok
1044,6,2024-12-31,17976,578,10,179.68,Instagram
1045,6,2025-01-01,7249,506,20,140.34,Instagram
1046,6,2025-01-02,8025,560,24,146.88,Instagram
1047,6,2025-01-03,11730,177,32,181.71,TikTok
1048,6,2025-01-04,19640,148,6,137.95,TikTok
1049,6,2025-01-05,13623,433,30,166.40,TikTok
1050,6,2025-01-06,9987,462,24,175.29,TikTok
1051,6,2025-01-07,7099,205,14,145.74,Instagram
1052,6,2025-01-08,10878,345,15,176.89,Facebook
1053,6,2025-01-09,17930,581,6,178.47,Facebook
1054,6,2025-01-10,15775,276,27,160.41,Facebook
1055,6,2025-01-11,16885,547,22,169.09,Instagram
1056,6,2025-01-12,13449,200,11,175.47,Instagram
1057,6,2025-01-13,11391,470,21,197.25,Instagram
1058,6,2025-01-14,19219,465,9,185.55,TikTok
1059,6,2025-01-15,9148,406,17,187.17,Instagram
1060,6,2025-01-16,14045,496,31,166.72,Instagram
1061,6,2025-01-17,7792,258,21,165.91,Facebook
1062,6,2025-01-18,8724,516,31,136.28,Instagram
1063,6,2025-01-19,5003,563,28,160.66,Instagram
1064,6,2025-01-20,18908,461,31,149.73,Instagram
1065,6,2025-01-21,5636,495,22,152.54,Instagram
1066,6,2025-01-22,9592,255,20,196.36,TikTok
1067,6,2025-01-23,13052,573,32,192.01,Instagram
1068,6,2025-01-24,16997,161,29,173.22,Instagram
1069,6,2025-01-25,16666,536,27,151.83,Instagram
1070,6,2025-01-26,17768,574,31,182.26,TikTok
1071,6,2025-01-27,17250,125,7,171.55,Instagram
1072,6,2025-01-28,9572,243,28,138.72,Instagram
1073,6,2025-01-29,14123,170,9,191.43,Instagram
1074,6,2025-01-30,19165,594,30,154.35,TikTok
1075,6,2025-01-31,18425,352,22,170.73,TikTok
1076,6,2025-02-01,10403,269,27,161.22,Facebook
1077,6,2025-02-02,16805,246,27,186.57,TikTok
1078,6,2025-02-03,19636,498,12,135.94,Instagram
1079,6,2025-02-04,15724,518,16,175.89,Facebook
1080,6,2025-02-05,5981,225,25,158.51,TikTok
1081,6,2025-02-06,7330,541,22,166.04,TikTok
1082,6,2025-02-07,8333,381,22,187.85,Instagram
1083,6,2025-02-08,8751,176,12,198.86,Instagram
1084,6,2025-02-09,18907,291,13,187.97,TikTok
1085,6,2025-02-10,5983,294,31,194.99,Instagram
1086,6,2025-02-11,9482,480,33,182.84,Instagram
1087,6,2025-02-12,16806,255,26,140.43,TikTok
1088,6,2025-02-13,9200,207,19,183.10,Instagram
1089,6,2025-02-14,17289,288,16,186.43,TikTok
1316,6,2025-09-29,10576,233,20,185.44,Facebook
1090,6,2025-02-15,7387,388,29,169.65,Instagram
1091,6,2025-02-16,10203,459,8,175.70,Facebook
1092,6,2025-02-17,13990,491,27,152.75,Instagram
1093,6,2025-02-18,5728,462,22,157.21,TikTok
1094,6,2025-02-19,19226,289,27,167.53,Facebook
1095,6,2025-02-20,9773,320,6,159.41,TikTok
1096,6,2025-02-21,6229,357,33,169.62,Instagram
1097,6,2025-02-22,13094,470,26,191.49,TikTok
1098,6,2025-02-23,8111,332,25,151.08,Instagram
1099,6,2025-02-24,5152,182,23,134.40,TikTok
1100,6,2025-02-25,12661,116,18,179.87,Facebook
1101,6,2025-02-26,13070,574,19,199.43,TikTok
1102,6,2025-02-27,7503,504,26,156.89,Instagram
1103,6,2025-02-28,13655,442,21,133.59,Instagram
1104,6,2025-03-01,11915,121,9,172.69,Instagram
1105,6,2025-03-02,19917,339,5,133.61,Instagram
1106,6,2025-03-03,10051,464,17,174.96,Instagram
1107,6,2025-03-04,6599,269,17,176.04,Instagram
1108,6,2025-03-05,6686,220,25,187.40,Facebook
1109,6,2025-03-06,13178,387,12,161.13,Instagram
1110,6,2025-03-07,17561,206,34,157.39,Facebook
1111,6,2025-03-08,17410,465,24,186.79,TikTok
1112,6,2025-03-09,5151,594,31,186.49,TikTok
1113,6,2025-03-10,15828,413,7,148.28,Instagram
1114,6,2025-03-11,8377,201,23,177.01,Instagram
1115,6,2025-03-12,13078,198,11,194.81,Facebook
1116,6,2025-03-13,14525,461,16,164.20,Facebook
1117,6,2025-03-14,18827,454,10,170.77,TikTok
1118,6,2025-03-15,14505,197,26,186.78,Instagram
1119,6,2025-03-16,6639,133,10,198.58,TikTok
1120,6,2025-03-17,5911,566,10,190.62,Instagram
1121,6,2025-03-18,6868,298,17,192.69,Facebook
1122,6,2025-03-19,14898,344,32,134.89,TikTok
1123,6,2025-03-20,17896,214,17,148.08,Instagram
1124,6,2025-03-21,14519,419,14,151.73,TikTok
1125,6,2025-03-22,18063,499,31,142.02,Facebook
1126,6,2025-03-23,8563,137,5,163.79,Instagram
1127,6,2025-03-24,15159,338,6,183.09,TikTok
1128,6,2025-03-25,19947,387,6,166.86,Instagram
1129,6,2025-03-26,5865,505,18,141.56,Instagram
1130,6,2025-03-27,13817,203,31,153.45,Instagram
1131,6,2025-03-28,7224,579,32,137.47,TikTok
1132,6,2025-03-29,8148,205,29,153.80,Instagram
1133,6,2025-03-30,10790,212,25,137.35,Instagram
1134,6,2025-03-31,7685,458,12,165.43,Instagram
1135,6,2025-04-01,8025,247,18,162.18,TikTok
1136,6,2025-04-02,8375,270,31,187.59,Instagram
1137,6,2025-04-03,6252,591,16,155.94,Facebook
1138,6,2025-04-04,15918,198,8,158.05,Facebook
1139,6,2025-04-05,17655,559,32,199.04,Instagram
1140,6,2025-04-06,5996,330,26,162.41,Instagram
1141,6,2025-04-07,13753,434,26,179.26,TikTok
1142,6,2025-04-08,7133,514,15,186.62,TikTok
1143,6,2025-04-09,11176,386,20,163.47,TikTok
1144,6,2025-04-10,14119,576,26,145.38,TikTok
1145,6,2025-04-11,12445,138,31,174.98,Instagram
1146,6,2025-04-12,7451,368,23,179.55,Instagram
1147,6,2025-04-13,11751,153,17,144.12,Instagram
1148,6,2025-04-14,7159,121,24,181.39,Instagram
1149,6,2025-04-15,6109,545,19,135.24,Facebook
1150,6,2025-04-16,15669,319,8,170.15,Instagram
1151,6,2025-04-17,9573,301,7,143.82,TikTok
1152,6,2025-04-18,15706,261,25,187.32,Facebook
1153,6,2025-04-19,13063,286,28,192.62,Instagram
1154,6,2025-04-20,7474,576,23,175.42,Instagram
1155,6,2025-04-21,10420,330,33,185.84,TikTok
1156,6,2025-04-22,12803,342,13,175.92,Facebook
1157,6,2025-04-23,13061,323,6,161.63,Instagram
1158,6,2025-04-24,14523,281,28,157.68,Instagram
1159,6,2025-04-25,10293,461,15,147.70,Facebook
1160,6,2025-04-26,5009,221,20,176.52,Facebook
1161,6,2025-04-27,9873,553,22,192.00,Instagram
1162,6,2025-04-28,16103,318,15,141.82,Facebook
1163,6,2025-04-29,6923,139,32,146.43,Instagram
1164,6,2025-04-30,18647,398,12,180.26,TikTok
1165,6,2025-05-01,16507,292,14,193.22,TikTok
1166,6,2025-05-02,18185,100,15,134.86,Instagram
1167,6,2025-05-03,14054,402,30,177.00,Facebook
1168,6,2025-05-04,9162,427,33,190.40,TikTok
1169,6,2025-05-05,10654,108,18,159.47,Facebook
1170,6,2025-05-06,13441,438,23,167.28,Facebook
1171,6,2025-05-07,9899,256,7,171.63,Instagram
1172,6,2025-05-08,10279,423,19,134.29,Instagram
1173,6,2025-05-09,13008,565,8,197.91,Facebook
1174,6,2025-05-10,6700,280,16,171.57,Instagram
1175,6,2025-05-11,9199,513,6,188.36,TikTok
1176,6,2025-05-12,16951,539,24,183.49,TikTok
1177,6,2025-05-13,19657,356,32,137.35,Instagram
1178,6,2025-05-14,8566,470,27,182.50,TikTok
1179,6,2025-05-15,7339,591,21,146.26,Facebook
1180,6,2025-05-16,19863,581,16,154.35,Instagram
1181,6,2025-05-17,12243,134,13,189.97,Instagram
1182,6,2025-05-18,13734,276,6,148.23,Facebook
1183,6,2025-05-19,11316,321,16,185.52,Instagram
1184,6,2025-05-20,10162,477,29,135.30,Facebook
1185,6,2025-05-21,14176,384,23,175.16,TikTok
1186,6,2025-05-22,15883,184,34,159.65,TikTok
1187,6,2025-05-23,16246,383,19,155.84,Instagram
1188,6,2025-05-24,12433,253,27,162.73,Instagram
1189,6,2025-05-25,16385,195,30,158.13,TikTok
1190,6,2025-05-26,11502,556,6,183.58,Instagram
1191,6,2025-05-27,18989,396,33,176.69,Instagram
1192,6,2025-05-28,11159,277,10,195.71,TikTok
1193,6,2025-05-29,5217,577,22,190.29,Instagram
1194,6,2025-05-30,17933,178,12,137.26,Facebook
1195,6,2025-05-31,16007,110,9,169.71,Facebook
1196,6,2025-06-01,7521,215,28,181.72,Instagram
1197,6,2025-06-02,18877,581,14,145.77,TikTok
1198,6,2025-06-03,10988,173,12,198.47,Instagram
1199,6,2025-06-04,12704,128,31,146.13,Instagram
1200,6,2025-06-05,13025,377,35,180.24,Instagram
1201,6,2025-06-06,12723,139,11,195.16,Facebook
1202,6,2025-06-07,15345,254,25,149.42,Facebook
1203,6,2025-06-08,8152,539,18,178.86,Instagram
1204,6,2025-06-09,13764,478,33,168.15,Instagram
1205,6,2025-06-10,9369,151,31,139.38,Instagram
1206,6,2025-06-11,10927,505,11,174.27,TikTok
1207,6,2025-06-12,11542,243,13,152.89,Instagram
1208,6,2025-06-13,15426,293,14,178.04,TikTok
1209,6,2025-06-14,12821,339,21,150.19,Facebook
1210,6,2025-06-15,6150,328,14,162.36,Instagram
1211,6,2025-06-16,10906,206,23,150.41,Instagram
1212,6,2025-06-17,14575,343,29,177.14,Instagram
1213,6,2025-06-18,7443,399,10,178.04,Instagram
1214,6,2025-06-19,18853,106,17,138.34,Instagram
1215,6,2025-06-20,17450,215,24,135.12,Facebook
1216,6,2025-06-21,10701,579,21,148.34,Instagram
1217,6,2025-06-22,8967,552,7,168.65,Instagram
1218,6,2025-06-23,9609,328,7,190.55,Facebook
1219,6,2025-06-24,18478,209,30,172.61,TikTok
1220,6,2025-06-25,12587,317,21,148.04,Instagram
1221,6,2025-06-26,10728,396,12,139.64,Instagram
1222,6,2025-06-27,7723,401,32,162.76,Facebook
1223,6,2025-06-28,11796,405,19,142.34,Instagram
1224,6,2025-06-29,14728,485,16,153.83,TikTok
1225,6,2025-06-30,13037,480,28,173.91,Facebook
1226,6,2025-07-01,9919,527,34,164.85,Facebook
1227,6,2025-07-02,17987,340,11,160.82,Facebook
1228,6,2025-07-03,15016,398,32,189.55,Instagram
1229,6,2025-07-04,5859,411,28,153.75,Instagram
1230,6,2025-07-05,17343,523,18,152.98,Facebook
1231,6,2025-07-06,6353,584,7,161.24,TikTok
1232,6,2025-07-07,9657,170,12,176.43,Instagram
1233,6,2025-07-08,19982,135,31,164.43,Instagram
1234,6,2025-07-09,11815,552,28,166.49,Instagram
1235,6,2025-07-10,16672,574,27,170.00,Facebook
1236,6,2025-07-11,6456,159,32,169.17,Instagram
1237,6,2025-07-12,5678,458,13,169.43,TikTok
1238,6,2025-07-13,16345,368,28,160.56,Instagram
1239,6,2025-07-14,12184,326,25,156.26,TikTok
1240,6,2025-07-15,5364,486,22,143.74,Instagram
1241,6,2025-07-16,5377,135,14,185.34,Instagram
1242,6,2025-07-17,8066,473,16,195.48,Facebook
1243,6,2025-07-18,12604,513,6,160.57,Instagram
1244,6,2025-07-19,12624,389,7,199.34,Instagram
1245,6,2025-07-20,17518,359,27,185.19,Instagram
1246,6,2025-07-21,10759,107,13,188.52,Instagram
1247,6,2025-07-22,8225,204,31,134.44,Facebook
1248,6,2025-07-23,18525,136,35,147.23,TikTok
1249,6,2025-07-24,9565,130,9,176.85,Instagram
1250,6,2025-07-25,19241,324,21,176.75,Facebook
1251,6,2025-07-26,6801,534,16,164.46,TikTok
1252,6,2025-07-27,16118,227,15,196.98,Facebook
1253,6,2025-07-28,19716,318,6,198.71,Instagram
1254,6,2025-07-29,14815,358,17,182.42,Instagram
1255,6,2025-07-30,11004,314,31,198.42,Instagram
1256,6,2025-07-31,16111,236,18,190.72,Instagram
1257,6,2025-08-01,15544,384,17,166.36,Instagram
1258,6,2025-08-02,18880,600,35,173.10,Facebook
1259,6,2025-08-03,7132,237,16,145.67,Instagram
1260,6,2025-08-04,18620,123,16,199.84,Instagram
1261,6,2025-08-05,15260,249,19,163.22,Facebook
1262,6,2025-08-06,10875,339,15,146.56,TikTok
1263,6,2025-08-07,10657,255,12,149.21,TikTok
1264,6,2025-08-08,18167,472,27,173.27,Instagram
1265,6,2025-08-09,9172,373,25,143.95,Facebook
1266,6,2025-08-10,8357,233,21,162.33,Facebook
1267,6,2025-08-11,6634,561,34,164.56,Facebook
1268,6,2025-08-12,8667,419,34,169.67,TikTok
1269,6,2025-08-13,19259,287,25,177.32,TikTok
1270,6,2025-08-14,6538,356,6,144.19,Instagram
1271,6,2025-08-15,7620,233,18,194.02,Facebook
1272,6,2025-08-16,19740,349,26,166.80,Instagram
1273,6,2025-08-17,9572,297,19,145.56,TikTok
1274,6,2025-08-18,17271,335,12,177.53,Facebook
1275,6,2025-08-19,6804,197,29,196.81,TikTok
1276,6,2025-08-20,9645,175,13,145.31,TikTok
1277,6,2025-08-21,7227,419,31,195.32,Instagram
1278,6,2025-08-22,10726,499,8,174.56,TikTok
1279,6,2025-08-23,9049,519,33,170.53,Instagram
1280,6,2025-08-24,17465,259,16,140.82,Instagram
1281,6,2025-08-25,12628,385,22,139.45,Facebook
1282,6,2025-08-26,5955,106,24,195.17,TikTok
1283,6,2025-08-27,10286,549,29,134.35,TikTok
1284,6,2025-08-28,17737,179,12,159.17,Facebook
1285,6,2025-08-29,9204,312,33,142.77,Instagram
1286,6,2025-08-30,6415,111,18,185.15,Instagram
1287,6,2025-08-31,14242,329,29,156.55,Instagram
1288,6,2025-09-01,11125,567,28,164.24,TikTok
1289,6,2025-09-02,7794,124,24,188.67,TikTok
1290,6,2025-09-03,19540,531,11,160.16,Facebook
1291,6,2025-09-04,7146,510,25,155.30,Instagram
1292,6,2025-09-05,12149,216,22,148.52,Instagram
1293,6,2025-09-06,12496,263,15,150.95,Facebook
1294,6,2025-09-07,16920,543,25,155.05,Instagram
1295,6,2025-09-08,19082,268,6,142.93,Facebook
1296,6,2025-09-09,18150,437,8,167.72,Facebook
1297,6,2025-09-10,9735,276,13,145.05,TikTok
1298,6,2025-09-11,18309,542,28,155.76,Instagram
1299,6,2025-09-12,7961,207,9,153.89,Facebook
1300,6,2025-09-13,15005,457,17,189.28,TikTok
1301,6,2025-09-14,16643,560,33,166.55,Instagram
1302,6,2025-09-15,10464,587,34,199.72,Instagram
1303,6,2025-09-16,11251,272,16,134.23,Instagram
1304,6,2025-09-17,18792,374,30,181.82,Instagram
1305,6,2025-09-18,7100,238,10,192.26,Instagram
1306,6,2025-09-19,16424,582,26,193.29,Instagram
1307,6,2025-09-20,10847,350,31,135.41,Facebook
1308,6,2025-09-21,13658,368,6,195.83,Instagram
1309,6,2025-09-22,19513,303,15,133.58,Facebook
1310,6,2025-09-23,16627,204,8,136.05,TikTok
1311,6,2025-09-24,19492,168,20,190.99,Instagram
1312,6,2025-09-25,7391,444,27,173.85,Instagram
1313,6,2025-09-26,19821,193,21,158.59,TikTok
1314,6,2025-09-27,10284,106,27,135.63,Facebook
1315,6,2025-09-28,15401,559,34,185.65,TikTok
1317,6,2025-09-30,13613,355,26,160.05,Facebook
1318,6,2025-10-01,17852,150,14,149.69,Facebook
1319,6,2025-10-02,10222,244,21,177.86,Instagram
1320,6,2025-10-03,7664,486,24,184.53,Facebook
1321,6,2025-10-04,16013,108,29,170.88,Facebook
1322,6,2025-10-05,9524,346,25,180.12,Instagram
1323,6,2025-10-06,10087,258,15,151.72,Instagram
1324,6,2025-10-07,14498,109,26,179.15,Instagram
1325,6,2025-10-08,8171,459,20,192.95,Instagram
1326,6,2025-10-09,7111,499,6,151.82,Instagram
1327,6,2025-10-10,19304,114,20,152.97,Instagram
1328,6,2025-10-11,16295,332,26,156.07,TikTok
1329,6,2025-10-12,8984,114,17,185.35,TikTok
1330,6,2025-10-13,19686,142,29,153.07,TikTok
1331,6,2025-10-14,8422,235,32,166.72,TikTok
1332,6,2025-10-15,16476,234,19,133.61,Facebook
1333,6,2025-10-16,12298,116,14,168.41,Instagram
1334,6,2025-10-17,14674,574,14,199.26,Facebook
1335,6,2025-10-18,18543,510,19,159.12,Facebook
1336,6,2025-10-19,6660,595,15,188.23,Instagram
1337,6,2025-10-20,7953,233,33,169.71,Facebook
1338,6,2025-10-21,8436,390,16,154.96,Facebook
1339,6,2025-10-22,16247,529,34,189.96,Instagram
1340,6,2025-10-23,19182,240,24,140.89,TikTok
1341,6,2025-10-24,8568,258,21,166.24,Instagram
1342,6,2025-10-25,15144,538,18,166.54,Instagram
1343,6,2025-10-26,13538,287,15,184.92,Facebook
1344,6,2025-10-27,17506,194,23,165.89,Instagram
1345,6,2025-10-28,7387,183,20,142.67,TikTok
1346,6,2025-10-29,8190,475,7,149.03,TikTok
1347,6,2025-10-30,5891,133,8,166.96,Instagram
1348,6,2025-10-31,17897,374,10,190.51,Instagram
1349,6,2025-11-01,18132,528,25,192.60,Instagram
1350,6,2025-11-02,9620,477,7,162.08,Instagram
1351,6,2025-11-03,19939,360,32,149.38,Instagram
1352,6,2025-11-04,10933,462,23,175.33,TikTok
1353,6,2025-11-05,18210,441,7,191.51,Instagram
1354,6,2025-11-06,18179,490,9,150.85,Facebook
1355,6,2025-11-07,12680,228,18,180.13,Instagram
1356,6,2025-11-08,9623,287,26,185.12,Facebook
1357,6,2025-11-09,16748,155,32,149.37,TikTok
1358,6,2025-11-10,16706,590,10,134.46,Instagram
1359,6,2025-11-11,6801,147,22,193.09,Instagram
1360,6,2025-11-12,15699,555,6,177.09,Facebook
1361,6,2025-11-13,7319,457,21,160.00,Instagram
1362,6,2025-11-14,15200,559,27,145.59,TikTok
1363,6,2025-11-15,19134,166,21,168.97,Facebook
1364,6,2025-11-16,8061,483,18,183.75,Facebook
1365,6,2025-11-17,14626,362,15,158.82,Facebook
1366,6,2025-11-18,12982,176,9,147.27,Facebook
1367,6,2025-11-19,10736,302,17,171.44,Instagram
1368,6,2025-11-20,12948,543,7,173.14,Facebook
1369,6,2025-11-21,9511,412,23,186.49,Instagram
1370,6,2025-11-22,7359,394,6,137.99,Instagram
1371,6,2025-11-23,5570,253,5,141.87,TikTok
1372,6,2025-11-24,6106,584,18,138.22,Facebook
1373,6,2025-11-25,11835,131,25,181.58,Facebook
1374,6,2025-11-26,18870,177,23,182.91,Instagram
1375,6,2025-11-27,16362,350,28,196.88,Instagram
1376,6,2025-11-28,13821,557,16,176.05,Instagram
1377,6,2025-11-29,5711,258,7,163.73,Instagram
1378,6,2025-11-30,11116,378,31,141.21,Instagram
1379,6,2025-12-01,12385,160,35,139.41,Instagram
1380,6,2025-12-02,18941,331,33,162.35,TikTok
1381,6,2025-12-03,7599,559,10,167.79,Facebook
1382,6,2025-12-04,5787,562,7,176.98,Instagram
1383,6,2025-12-05,13372,545,24,148.83,Facebook
1384,6,2025-12-06,19910,473,29,188.26,Facebook
1385,6,2025-12-07,13644,368,22,198.70,Instagram
1386,6,2025-12-08,12891,134,14,189.83,Instagram
1387,6,2025-12-09,8933,253,7,135.30,TikTok
1388,6,2025-12-10,7358,411,6,170.99,Instagram
1389,6,2025-12-11,8398,259,19,151.94,TikTok
1390,6,2025-12-12,8567,241,14,191.06,Instagram
1391,6,2025-12-13,14357,331,10,146.56,Facebook
1392,6,2025-12-14,19699,256,9,141.57,Instagram
1393,6,2025-12-15,12861,104,12,198.87,Instagram
1394,6,2025-12-16,11313,492,26,157.62,Instagram
1395,6,2025-12-17,7055,132,35,193.79,Instagram
1396,6,2025-12-18,16388,531,13,198.82,Instagram
1397,6,2025-12-19,17065,448,25,183.75,Facebook
1398,6,2025-12-20,13762,493,9,163.47,TikTok
1399,6,2025-12-21,11859,540,12,199.88,TikTok
1400,6,2025-12-22,10452,310,16,149.72,Instagram
1401,6,2025-12-23,6496,249,12,180.47,TikTok
1402,6,2025-12-24,15700,263,23,151.82,Instagram
1403,6,2025-12-25,17895,363,24,196.02,Instagram
1404,6,2025-12-26,10483,268,26,176.05,TikTok
1405,6,2025-12-27,17276,313,27,160.56,Facebook
1406,6,2025-12-28,6396,269,7,145.14,Instagram
1407,6,2025-12-29,16917,386,6,166.62,Facebook
1408,6,2025-12-30,12285,539,16,196.17,Instagram
1409,6,2025-12-31,16007,440,6,198.36,Instagram
1410,6,2026-01-01,8148,249,21,134.45,Facebook
1411,6,2026-01-02,9402,425,29,152.50,Facebook
1412,6,2026-01-03,8038,260,24,187.99,TikTok
1413,6,2026-01-04,18277,160,17,196.42,Instagram
1414,6,2026-01-05,5561,406,34,187.57,Facebook
1415,6,2026-01-06,8389,435,17,170.20,Instagram
1416,6,2026-01-07,15173,112,20,170.43,Instagram
1417,6,2026-01-08,13783,172,20,198.46,Instagram
1418,6,2026-01-09,6414,575,15,148.27,Instagram
1419,6,2026-01-10,16297,372,33,180.49,TikTok
1420,6,2026-01-11,5316,173,16,189.41,TikTok
1421,6,2026-01-12,17774,126,31,138.68,Instagram
1422,6,2026-01-13,16473,279,20,139.81,Facebook
1423,6,2026-01-14,17594,203,12,192.14,TikTok
1424,6,2026-01-15,17617,185,16,192.61,Facebook
1425,6,2026-01-16,13271,259,13,156.59,TikTok
1426,6,2026-01-17,18393,124,33,180.83,Instagram
1427,6,2026-01-18,6668,325,35,191.74,Instagram
1428,6,2026-01-19,11206,446,28,151.04,TikTok
1429,6,2026-01-20,11952,454,33,185.91,TikTok
1430,6,2026-01-21,10450,539,6,184.24,TikTok
1431,6,2026-01-22,19112,211,29,198.45,Instagram
1432,6,2026-01-23,6607,430,16,178.79,TikTok
1433,6,2026-01-24,11496,362,22,197.97,Instagram
1434,6,2026-01-25,12734,363,9,151.36,TikTok
1435,6,2026-01-26,10091,313,31,170.50,Instagram
1436,6,2026-01-27,11989,468,17,164.52,Facebook
1437,6,2026-01-28,10423,409,30,136.85,Instagram
1438,6,2026-01-29,17227,505,18,199.41,Instagram
1439,6,2026-01-30,5172,346,20,180.86,TikTok
1440,6,2026-01-31,5187,337,9,160.95,TikTok
1441,6,2026-02-01,13712,290,26,156.89,Instagram
1442,6,2026-02-02,18349,421,35,139.43,Instagram
1443,6,2026-02-03,9169,554,17,151.68,Instagram
1444,6,2026-02-04,12016,285,14,190.16,Instagram
1445,6,2026-02-05,10268,347,20,191.03,Instagram
1446,7,2024-04-01,14862,149,6,421.26,Google Ads
1447,7,2024-04-02,7104,428,9,484.19,Google Ads
1448,7,2024-04-03,10657,201,32,457.39,Google Ads
1449,7,2024-04-04,13533,534,12,421.69,Google Ads
1450,7,2024-04-05,13574,490,15,486.80,Bing Ads
1451,7,2024-04-06,9414,344,32,508.87,Bing Ads
1452,7,2024-04-07,13028,356,12,525.32,Bing Ads
1453,7,2024-04-08,15686,346,32,521.39,Google Ads
1454,7,2024-04-09,15998,137,14,585.15,Google Ads
1455,7,2024-04-10,10120,507,9,460.56,Google Ads
1456,7,2024-04-11,10234,515,17,521.79,Bing Ads
1457,7,2024-04-12,18927,125,7,508.68,Bing Ads
1458,7,2024-04-13,7419,193,22,464.78,Google Ads
1459,7,2024-04-14,12115,108,19,476.56,Google Ads
1460,7,2024-04-15,15559,573,11,599.24,Google Ads
1461,7,2024-04-16,13257,338,35,538.18,Bing Ads
1462,7,2024-04-17,19008,397,24,534.55,Google Ads
1463,7,2024-04-18,17519,385,24,424.76,Google Ads
1464,7,2024-04-19,12921,104,34,574.60,Google Ads
1465,7,2024-04-20,6205,579,6,590.67,Google Ads
1466,7,2024-04-21,6882,372,6,552.12,Bing Ads
1467,7,2024-04-22,11569,122,8,409.64,Bing Ads
1468,7,2024-04-23,8925,301,6,521.75,Google Ads
1469,7,2024-04-24,18427,594,12,576.20,Google Ads
1470,7,2024-04-25,12836,159,34,471.12,Google Ads
1471,7,2024-04-26,15948,170,31,550.07,Bing Ads
1472,7,2024-04-27,5846,234,26,496.35,Bing Ads
1473,7,2024-04-28,13577,466,13,492.14,Google Ads
1474,7,2024-04-29,15976,422,24,447.80,Google Ads
1475,7,2024-04-30,13597,322,12,556.78,Google Ads
1476,7,2024-05-01,11475,485,13,523.71,Google Ads
1477,7,2024-05-02,18541,424,16,483.07,Bing Ads
1478,7,2024-05-03,10712,196,35,578.98,Bing Ads
1479,7,2024-05-04,10579,176,17,562.76,Google Ads
1480,7,2024-05-05,8102,178,32,414.71,Google Ads
1481,7,2024-05-06,16739,190,25,503.62,Bing Ads
1482,7,2024-05-07,10446,550,18,509.97,Bing Ads
1483,7,2024-05-08,15086,419,10,524.53,Google Ads
1484,7,2024-05-09,9384,185,15,538.65,Bing Ads
1485,7,2024-05-10,9604,144,19,415.23,Bing Ads
1486,7,2024-05-11,15564,247,30,556.07,Google Ads
1487,7,2024-05-12,18923,529,34,569.70,Bing Ads
1488,7,2024-05-13,5456,432,12,566.08,Bing Ads
1489,7,2024-05-14,12811,136,15,478.61,Google Ads
1490,7,2024-05-15,8901,155,16,421.57,Bing Ads
1491,7,2024-05-16,10268,498,6,584.98,Bing Ads
1492,7,2024-05-17,19013,165,28,573.38,Bing Ads
1493,7,2024-05-18,10536,391,15,564.22,Google Ads
1494,7,2024-05-19,14802,221,20,554.66,Google Ads
1495,7,2024-05-20,12156,495,22,581.32,Google Ads
1496,7,2024-05-21,18310,488,19,490.43,Bing Ads
1497,7,2024-05-22,14209,589,20,441.88,Bing Ads
1498,7,2024-05-23,7482,449,32,454.72,Bing Ads
1499,7,2024-05-24,6359,166,32,404.28,Google Ads
1500,7,2024-05-25,19000,114,16,465.88,Bing Ads
1501,7,2024-05-26,12954,559,29,500.94,Google Ads
1502,7,2024-05-27,11954,317,34,556.79,Bing Ads
1503,7,2024-05-28,9893,125,12,563.69,Bing Ads
1504,7,2024-05-29,15662,349,14,477.04,Google Ads
1505,7,2024-05-30,13732,243,29,588.05,Bing Ads
1506,7,2024-05-31,16090,241,25,432.31,Bing Ads
1507,7,2024-06-01,13548,196,19,551.43,Bing Ads
1508,7,2024-06-02,14103,391,13,430.88,Google Ads
1509,7,2024-06-03,7498,508,33,445.98,Google Ads
1510,7,2024-06-04,16992,192,23,511.25,Bing Ads
1511,7,2024-06-05,8187,115,23,482.93,Google Ads
1512,7,2024-06-06,17565,195,13,536.86,Bing Ads
1513,7,2024-06-07,15023,225,15,492.64,Bing Ads
1514,7,2024-06-08,19523,213,26,503.55,Bing Ads
1515,7,2024-06-09,5864,575,26,529.88,Google Ads
1516,7,2024-06-10,14557,439,26,480.14,Bing Ads
1517,7,2024-06-11,9785,259,32,556.19,Google Ads
1518,7,2024-06-12,15265,210,24,576.54,Bing Ads
1519,7,2024-06-13,18083,432,11,401.36,Google Ads
1520,7,2024-06-14,14463,398,19,445.54,Google Ads
1521,7,2024-06-15,16661,335,12,450.74,Google Ads
1522,7,2024-06-16,11619,191,25,508.72,Bing Ads
1523,7,2024-06-17,10575,556,28,420.72,Google Ads
1524,7,2024-06-18,6597,341,33,577.08,Google Ads
1525,7,2024-06-19,5422,115,29,438.21,Bing Ads
1526,7,2024-06-20,14813,287,9,517.47,Bing Ads
1527,7,2024-06-21,13707,174,6,517.58,Bing Ads
1528,7,2024-06-22,11118,114,8,458.24,Bing Ads
1529,7,2024-06-23,19091,422,17,483.09,Google Ads
1530,7,2024-06-24,14763,479,35,459.81,Bing Ads
1531,7,2024-06-25,12620,572,33,461.25,Google Ads
1532,7,2024-06-26,17889,541,18,530.69,Google Ads
1533,7,2024-06-27,7748,571,12,487.00,Bing Ads
1534,7,2024-06-28,7774,188,14,452.42,Bing Ads
1535,7,2024-06-29,17920,119,22,534.88,Google Ads
1536,7,2024-06-30,9089,177,28,576.03,Bing Ads
